Name,Artist,Spotify URI
Anatani Aitakute 2004,Seiko Matsuda,spotify:track:1nnsPtTk2tCu8S5hl11xAs
Stay Gold,Hikaru Utada,spotify:track:0gyzenKZPdJ8L2K9g1IuH5
Ain't No Need of Crying,The Rance Allen Group,spotify:track:1iT8Zf8rrY4pt2ZWiXtNOV
Popular,The Weeknd,spotify:track:6WzRpISELf3YglGAh7TXcG
Good Love,Jin Dogg,spotify:track:2hv1w70K8VnUrU0VupfymA
grace,Fujii Kaze,spotify:track:7tnYsRepXLaNhqj4xtcWP2
Overloading,Mavins,spotify:track:3ES1fBQACydIODlZmQS359
Can't Let You Go,Stefflon Don,spotify:track:5YmPSElBlLt0Yy1zPOUGqi
All Mine,DJ Taj,spotify:track:33czlBnDnXarFUohTnqbNn
Fly,OVER KILL,spotify:track:0cvYy3Ei7KTanZ1572x6Sw
Suki Suki,DJ BULLSET,spotify:track:1PXUyCOlhF5GIZNnuG2ilT
N 2 Deep,Drake,spotify:track:34D6FJysnQioVingDKufuf
Bling,Blaqbonez,spotify:track:7MQ2FWFVuim1L1O3wXjkdZ
Whatever She Wants,Bryson Tiller,spotify:track:57wp7VFnV8X0pSVnYArGeJ
Down With Me,Lil Tecca,spotify:track:00n83h3zn2IrySO4Q4aTrG
Lay Up,Future,spotify:track:4iOq2DLxbRuBdrILZwOKoW
Do 2 Me,KAYTRANADA,spotify:track:5J75NvHDMTbJtLqym6CXuI
#RICHAXXHAITIAN,Mach-Hommy,spotify:track:0B0lGy8qd6kohNFUz7cneO
Be Your Girl,Teedra Moses,spotify:track:0NdKnpfDtqT4ejsW4H58x4
Silent Hill,Kendrick Lamar,spotify:track:3lzUeaCbcCDB5IXYfqWRlF
Rich Spirit,Kendrick Lamar,spotify:track:1QPreu0BNOrUfEb8HTd2qG
JoHn Muir,ScHoolboy Q,spotify:track:7sr74Bz3GBTNMQe1m4F5Ut
Deja Vu,J. Cole,spotify:track:6I6NX6tjGsxFAsIfGzY9lJ
Made You Look,Nas,spotify:track:3qRPc4QpHGNwKFAzCdqwxA
Off Dat Drank,Rob49,spotify:track:1z3X66BhWXsSr7lHlSCiDW
Glory Glory,Little Brother,spotify:track:47zceiqEuO22zduq2XvgCr
Mutty,Conway the Machine,spotify:track:1kMr1X2SBTV6KTmlIf4psb
Trae The Truth in Ibiza,J. Cole,spotify:track:4E2fOeF5A6onC10OtnjXJa
Tried Our Best,Drake,spotify:track:3IHt4j5uAEl7iBu8Utn985
B.Y.S.,keshi,spotify:track:2yyluSgySg95O24RBkgrMR
Nosetalgia,Pusha T,spotify:track:7aK5rlTVxSgcqShPMI1TTH
I'll Make Love to You,Boyz II Men,spotify:track:7dfl9X38RhIvB3oSmmneq3
WAIT FOR U,Future,spotify:track:59nOXPmaKlBfGMDeOVGrIK
YABA,Fujii Kaze,spotify:track:1FDCEz8kY256zhDO2GjWuW
O2,Oxlade,spotify:track:1b5MhsiBGQyPjrb5zzAlXM
TSU,Drake,spotify:track:4s7QLoImIwmPi9L6dq1nVW
All Alone,B-Lovee,spotify:track:3VzlXjegD3ophiGyDcrIr7
Lion,May'n,spotify:track:0leM5c9F9CmKOait0VewdD
Do What You Gotta Do,Roberta Flack,spotify:track:2tF6qsoOtu92PzCTk4OKOf
Rendezvous,KAHOH,spotify:track:3oBfBz5y0T2jWHWddoYKqs
Bussin,Doe Boy,spotify:track:0eJKjbdEwnWbWyJI9z1gMg
Touch Down,98jams,spotify:track:1TB7S3BRrdnB4i1EmOsCKD
Chance,eyden,spotify:track:2ak34fMYQ1l52seKMgCvj2
Focus,H.E.R.,spotify:track:6KluBT5Zthyzk6sBwqAcso
Two Occasions,The Deele,spotify:track:3KcnI7vPieg5yuZtBtnMb2
come again,m-flo,spotify:track:477CB93mH986mrIheQD0RR
Sabor a Mí,Luis Miguel,spotify:track:68zSzKkU28AfZvr5FkAUWT
Let's Stay Together,Al Green,spotify:track:63xdwScd1Ai1GigAwQxE8y
2Ninjas,eyden,spotify:track:3aXwITgAi7aj0IKFU3Lg0Z
Stay wiz me,ShowyRENZO,spotify:track:76de0g7aXrktnkopCnuZe7
Change Up,5lack,spotify:track:41i2kqhMwAl4zgKpx2JFY9
Letters,Hikaru Utada,spotify:track:4sizVOFOAsHyPJpDMO2U8W
bye,Ariana Grande,spotify:track:1Rweq7vNjK4kZBbGrmxQsl
Fuck You,RYKEYDADDYDIRTY,spotify:track:0xkPuNMso9FkeXiiziGy7m
They Don't Know,Jon B.,spotify:track:4TVTbdNZtCJEhibH231GxQ
Just Like You Used To,Jalen Ngonda,spotify:track:0KNKtfE0jOcGBeu7Y5pL7h
Made For Me,Muni Long,spotify:track:0WIv5qV41y6YjjB9V1biuC
Deeper,Kiana Ledé,spotify:track:58z9odzkFuph91CkBcmOzY
2021 Vibes,LUCKI,spotify:track:6TJaoJX8VhptZ0DkcsjWaR
Say What You Will,James Blake,spotify:track:5vUZMotVhkVcizIP0qrgr8
act bad twin!,Chow Lee,spotify:track:1cLjq1FaPI8naEB5xElkFk
Bécane,Yamê,spotify:track:3oUEzTAoOxqZHN4xiqTGqJ
"To Summer, From Cole",Summer Walker,spotify:track:2f86Ae3R4OKAu1lEIqouih
Amado Mio,"Jose ""Papo"" Rivera",spotify:track:74UKvcqvGS87RwCnSvmFfW
Anata Ni Aete Yokatta,koizumi kyoko,spotify:track:5FJho22sdsYoBFeuov4myw
Kimigasuki,Mr.Children,spotify:track:6jGExxsj2WGgXdDO8LugRH
Words of Love,Original Love,spotify:track:2esvpVavJ1AE8seQhKuzlW
Lotus Flower Bomb,Wale,spotify:track:3MAgQuClHcAV8E9CbeBS6f
Yes-No,Off Course,spotify:track:6C7H84b6soUzdgXj52peoe
Poison,Aaliyah,spotify:track:7M4fSXTAUQih72cf0FbMgA
MAD,YG,spotify:track:3sFotCpWY1e84X0YixN4jw
Steps,7SEEDS,spotify:track:6JchPi2obyGLD3qudyGP2g
Fuck Love,Jin Dogg,spotify:track:3gJRrhIr4M5g9hjwdr0xJK
Creepin',Stevie Wonder,spotify:track:0ZeIIH9cunWMWXPHfkZeMl
Tokyomatic,KIKUMARU,spotify:track:2xpTn6FA4DDk1f73KFFbCa
Regency,KANDYTOWN,spotify:track:4DKbcdNG1642JKX6GbwYQn
Sabor a Mí,Alvaro Carrillo,spotify:track:7J4qY5IKBe8YbjIj3jjcmy
When It Comes To You,Fridayy,spotify:track:4OzS0O0i88cGeu8YklCHrT
Re:Verse,Ken the 390,spotify:track:4t73BUrsCQBOUTZBabszpi
Stories About My Brother,Drake,spotify:track:0ZB5pdrM1leH58IgokDPZM
Endlessly,Omar Apollo,spotify:track:4VUXAoJESfRV3ceUYtzfpQ
Body Count,Mozzy,spotify:track:30AW1wD8qK1Bqw3Z44xs3f
Accordion,Madvillain,spotify:track:67vrmPygrZ9giGqHUSReAT
H e r O l d F r i e n d s,PARTYNEXTDOOR,spotify:track:29SqwhEfi1OY9GtCIF0ifC
Shibuya,rkemishi,spotify:track:6Sf6SpN6mDv37VRAcJknkO
Taki,OG.F,spotify:track:0f0ho0zHtyMw5c8K956kOQ
Michi Teyu Ku,Fujii Kaze,spotify:track:5glPFBAuA1C85tBcVWVzvO
Mumu,DJ Neptune,spotify:track:05bS6TTT5lXiDfOS4dcAc4
Presha,2 Chainz,spotify:track:6N7TGPYfGP2oxiy9Cpaz9G
Ditto,NewJeans,spotify:track:3r8RuvgbX9s7ammBn07D3W
Buried Alive Interlude,Drake,spotify:track:1ZyudLFv35SRvY5SvTZqJx
Eki,Mariya Takeuchi,spotify:track:4Nh9yqG8rcVx3A0RIGOoxs
am 2:00,Jin Dogg,spotify:track:6CZsZhYTLqkGesw7u5EcNg
Turn Your Lights Down Low,Bob Marley,spotify:track:7I1fHMDNlHobS8SBUJAUDt
act v: there goes another vase,4batz,spotify:track:15qx6rElhY2QmikMKhJk8c
Lava Lamp,Thundercat,spotify:track:10CMDGMrx8w55LyoCDM2aN
B.B.P.,ParisPlayedYou,spotify:track:1j7BHh093Zksca5oUC7hS8
Type Shit,Migos,spotify:track:4N4wemxs9Em6nJ5kXTjEsS
Stealth Mode,J. Cole,spotify:track:3zyjnHtoi8AtiGgZFnJP7O
Smoke A N***a,Juicy J,spotify:track:67qn3OtziLlpOtVZ22EiQ4
Lonely At The Top,Asake,spotify:track:5ZtK8XAVnoaGdBXZWCEVCY
Free Lunch,Isaiah Rashad,spotify:track:5FX89IUKm9QJT9ymrmyK4k
Pretty Little Fears,6LACK,spotify:track:4at3d5QWnlibMVN75ECDrp
Long Story Short,2 Chainz,spotify:track:2jmdxJ60YfV3fVemuLz7pD
DEEP in my bag,Premo Rice,spotify:track:2pQUmAjvti0S19Tklu92de
Kno Me,GROOVY,spotify:track:7t3EE0AieGMfXH32rIXyMw
New Day,MonyHorse,spotify:track:3fnPGKW9YPT9MlmT96z3WR
Able God,Chinko Ekun,spotify:track:2T0n6U3Ef2XeZc4kdoe5Eg
'73,Benny the Butcher,spotify:track:5Ygt9NljugGkwELrsiNzHc
Pronto,Ajebo Hustlers,spotify:track:0lZf51NvDEuNjpbKCnHEPP
HALLELUJAH,CKay,spotify:track:7q82Rs7vQn8bJcwj8uE0Af
Bobo,Olamide,spotify:track:0N6lUfSwuOWlmP2YUGtIZb
Stop Breathing,Playboi Carti,spotify:track:2lLG56qpLP3UbcLuzMvkWX
Only God Can Judge Me,2Pac,spotify:track:7sKt5Y2zJpYw78iAxndB8y
Ratha Be Ya N***a,2Pac,spotify:track:5hzoEKZvvov9EKzrx419Ys
Skandalouz,2Pac,spotify:track:43P5sm3VJt3zLUhDk9kDDB
Tokuninai,Fujii Kaze,spotify:track:5UiZWCqMerAvmiHtQwTKSj
Fighting My Demons,Ken Carson,spotify:track:2c7sRekhMGlj7u1WIIzoQu
Murda Musik,Ken Carson,spotify:track:6N0I4EqoaIHib3W1LFPMzC
x2,Lil Uzi Vert,spotify:track:3a36nM6fPVA8K1vqq6d03o
Frisbee,Seago,spotify:track:3aU7aMc1GYCWpM9qIPwVcQ
Oddly Enough,Seago,spotify:track:0wTRA4l4kRHoG7qR29vvXi
Just Blick It,Cash Cobain,spotify:track:44SBb43lu23psaZiZLF69P
Jholiday,Cash Cobain,spotify:track:0shLGCfcai77W6i896MY1P
Line You,Cash Cobain,spotify:track:3XnaZzKtObOne5NmIN6h8w
Wavy Lady,Cash Cobain,spotify:track:6LbNlVbYYfjts4dVAkrtY0
In My Maserati,Olakira,spotify:track:0lwegRNqxrSXhrttOUEpFq
Coming,Naira Marley,spotify:track:1H2IEdM9irHOk4YTQTgRxE
Body,Naira Marley,spotify:track:1Ut1vSnb0hM58jFbPVhZaC
Stop Snitchin,YG,spotify:track:5IjRKZlpKVBBRn0COL7pik
See You Again,Tyler,spotify:track:7KA4W4McWYRpgf0fWsJZWB
I Ain't Got Time!,Tyler,spotify:track:430qNtapCS3Ue1yoSql1oV
Boredom,Tyler,spotify:track:5WNYg3usc6H8N3MBEp4zVk
WHARF TALK,Tyler,spotify:track:3u9PAti8muEXXvEjeFpQK0
HEAVEN TO ME,Tyler,spotify:track:4Z1ZlABSKDlVByJL3y5OVs
SORRY NOT SORRY,Tyler,spotify:track:410ZZP746AQeiywhKvXWCo
"BOYFRIEND, GIRLFRIEND",Tyler,spotify:track:2sFEmuVVAa2klHwhFaT0rR
EARFQUAKE,Tyler,spotify:track:5hVghJ4KaYES3BFUATCYn0
Le Tin,Tumelo.za,spotify:track:09ZjISztCVtQF3PaeF2JtQ
Neck & Wrist,Pusha T,spotify:track:7kQJCw0ZkvHgfJqRwPblmG
Drop It Like It's Hot,Snoop Dogg,spotify:track:2NBQmPrOEEjA8VbeWOQGxO
Lose Yourself to Dance,Daft Punk,spotify:track:5CMjjywI0eZMixPeqNd75R
Fragments of Time,Daft Punk,spotify:track:0IedgQjjJ8Ad4B3UDQ5Lyn
Touch,Daft Punk,spotify:track:4IdiGMOzEYXOh2897XOV8i
Motherboard,Daft Punk,spotify:track:79koEJRtKOOGJ0VSAF3FMk
Break from Toronto,PARTYNEXTDOOR,spotify:track:5fEB6ZmVkg63GZg9qO86jh
Come and See Me,PARTYNEXTDOOR,spotify:track:6cEguiQecbXrFlsnMi2ysr
Still Got Time,ZAYN,spotify:track:000xQL6tZNLJzIrtIgxqSl
Wednesday Night Interlude,Drake,spotify:track:6oLHyWvmk6bKrA91EIYZBp
Slow Dancing in a Burning Room,John Mayer,spotify:track:2jdAk8ATWIL3dwT47XpRfu
Clarity,John Mayer,spotify:track:6atVS7UZBxoyJkkteM62u5
Something's Missing,John Mayer,spotify:track:4ibzxSKw3a6rtIorruN5GO
Only Heart,John Mayer,spotify:track:3Ngl8Fn5UtCl2K7UD7EF9e
Love on the Weekend,John Mayer,spotify:track:0oiCeOPwm4zhwfyIpAE37y
Moving On and Getting Over,John Mayer,spotify:track:1crSsvtU9wZB15dIQXV2QH
New Light,John Mayer,spotify:track:4T6FWA703h6H7zk1FoSARw
Why You No Love Me,John Mayer,spotify:track:3hwjxbqGvTRUPi38fLgeM7
Wait,Maroon 5,spotify:track:6ZvTAJHxse3tRAekHb2F7L
Stray Heart,Green Day,spotify:track:2Q22sa3Y4lKXHHBBAxEhYY
Burnout,Green Day,spotify:track:7dVDWf0wud70V4PgYfKnaG
She,Green Day,spotify:track:4wsQGsdf8D0Bj26cGdvreB
When I Come Around,Green Day,spotify:track:1Dr1fXbc2IxaK1Mu8P8Khz
In the End,Green Day,spotify:track:4GSyhhe5HHAytp7KlmWlZX
Wake Me Up When September Ends,Green Day,spotify:track:3ZffCQKLFLUvYM59XKLbVm
Oh Love,Green Day,spotify:track:1qIgyDoc2rwtq8w49jeWL8
Blueslides,ScHoolboy Q,spotify:track:7u1P36qRqrSNrXAp98cyp1
Something to Rap About,Freddie Gibbs,spotify:track:5OkYfk72CNL8XLqa3gp9q7
Frank Lucas,Freddie Gibbs,spotify:track:2pFC6DEdMhxQWUTptwVyS4
Gang Signs,Freddie Gibbs,spotify:track:6snYsavG9vq3C7RGN98dst
I Don't Fuck With You,Big Sean,spotify:track:7FYH5AW3bVfZHJIQpq3UOA
Play No Games,Big Sean,spotify:track:3rsOs39rDAYxIOrDTHAgR9
Stay Down,Big Sean,spotify:track:2g2cBOrUa5n9ee1RtOISVT
Body Language,Big Sean,spotify:track:6FXsrAH7Zol1jusSeJIoYA
Guard Your Heart,Big Sean,spotify:track:7LYgVPxRvlN7OavmyrnOGe
Single Again,Big Sean,spotify:track:7IP0lO9tHfNwBWZ9X6TJ84
Go Legend,Big Sean,spotify:track:3wAI7MIQtTgwcRmwchPZBc
Pull Up N Wreck,Big Sean,spotify:track:7DuvVy7JfFgXwWlVzyyPys
So Good,Big Sean,spotify:track:0fWBFDRTIuk8ZgNdZqhCer
What A Life,Big Sean,spotify:track:5bjTLWk5cBOACEVPl3oqkU
Velvet,Green Assassin Dollar,spotify:track:7ccskGFuoYDiRgQaMW4nw6
Hardcore,Green Assassin Dollar,spotify:track:6bLpUqJzeVbTa4cmaowGyc
Never Broke,Green Assassin Dollar,spotify:track:1I6JJoC7145JbRQNLCyzEc
Lookin'&For,7SEEDS,spotify:track:3DsZ88Bivs6EaLcrvUtZox
Amanojack,owls,spotify:track:190JRLVTsLXkNRWVylkv0p
Tokyo,Green Assassin Dollar,spotify:track:6hQyuCU8Smi3YfykD73iON
Tekitou Ill Maten,CHUCKIE,spotify:track:74Miz8XBJH7rT66o9ID75G
Grow Up Mind,Green Assassin Dollar,spotify:track:0AXw88RvVHr8Z8WRLzv1ki
Crazy 4 U,Green Assassin Dollar,spotify:track:6jGIht5PgUWhkCMQim0GnG
aLL I Need,Green Assassin Dollar,spotify:track:4kiqIUgQY27pFV7RrOo7IK
Die Hard,Kendrick Lamar,spotify:track:2g6tReTlM2Akp41g0HaeXN
Every Good Girl,Blxst,spotify:track:6VYBCG9nCZwUUImVqZQVet
Overrated,Blxst,spotify:track:6Fc9IYSkbmVwv4dlzn8hJb
Be Alone,Blxst,spotify:track:7tjtWVu8RsshzPxQm8oT3y
2 Phones,Kevin Gates,spotify:track:0wdKiSBUT7aZkXUIdJWcwC
Really Really,Kevin Gates,spotify:track:10I3CmmwT0BkOVhduDy53o
Big Gangsta,Kevin Gates,spotify:track:03ERnTvSV5fy8WAyvA4uNP
POP STAR,DaBaby,spotify:track:2TsD9kSbgYx5fSNRsoNURE
RBS Intro,Kevin Gates,spotify:track:15NisPU0HnPVuyJwlnksPh
Eternal Love,EXILE TAKAHIRO,spotify:track:2wR4PeVKTzRNzx69MybecA
Jikanyo Tomare,Eikichi Yazawa,spotify:track:4MpIgtozqPyjH2BJEa05yO
pick up the phone,Young Thug,spotify:track:4GXl8l1MfZPf2GvpyRPJBf
Ghost Town,Kanye West,spotify:track:7vgTNTaEz3CsBZ1N4YQalM
BBO,Migos,spotify:track:4BHzHISX21PYwGXiBEUQ70
Jerusalema,Master KG,spotify:track:2MlOUXmcofMackX3bxfSwi
Time Today,Moneybagg Yo,spotify:track:0YrKSfpvflYnLSBd4Jtu6J
U Played,Moneybagg Yo,spotify:track:7qeWNGBqqagdwf4KnjRzGZ
Wockesha,Moneybagg Yo,spotify:track:0nqhKXDjsyBMvbeWmgijD0
Said Sum,Moneybagg Yo,spotify:track:3sKz6Sd72K0ofPWcJPPk6H
Wat U On,Moneybagg Yo,spotify:track:6eHksHmETBULwFo0N3k562
'97 Hov,Benny the Butcher,spotify:track:1qzlwbV6SwHYOR3mhu6ZEd
Pana,Tekno,spotify:track:3ddd0nUY2jZtPYzg0r0wTb
Make a Hit,Kodak Black,spotify:track:6EjbqmKlrYawjNB9BTccbh
Cognitive,Kodak Black,spotify:track:6GwI7uFmTvUW7TwryZ0oQk
Back That Azz Up,Juvenile,spotify:track:525yPO8r5J6kLostDxm3XK
Bad Bad,YoungBoy Never Broke Again,spotify:track:2OUY5NdALupSoIQN9ZBH1a
Big Truck,YoungBoy Never Broke Again,spotify:track:5dT8SEE6yaZMGn16u6FI9R
Death Enclaimed,YoungBoy Never Broke Again,spotify:track:64EIMveqmS5vaCPuI31rFA
Revolution,Diplo,spotify:track:0QXSvAR0qWcbqWPe2KFamv
Beats Knockin,Jack Ü,spotify:track:4gwF1NiLbZl2uKJDS3AX9O
To Ü,Jack Ü,spotify:track:5HkiFPvqmoIvCsEvHDzvZb
Jungle Bae,Jack Ü,spotify:track:7yJzk64ul9PFgVFUYbEzZL
Holla Out,Jack Ü,spotify:track:3LDKrOek8eqZA52IeauhrW
Take Ü There,Jack Ü,spotify:track:2RpKh7kXSdO8NLrW9VQ46p
7 Days A Week,Doe Boy,spotify:track:78iJxdMLJDkP62YqLiqQw3
If You Ask Me,Doe Boy,spotify:track:1ovqn1kHpblrVQTqIhIYw7
Tweakin,Doe Boy,spotify:track:0dscN8hTc71Eg6i7rM0v2c
Yessirski,Doe Boy,spotify:track:1c3Zkz6wzRAakKaYY6F3iw
Yesterday,Doe Boy,spotify:track:0qQZ4lxmzitLd6w5WQXrKE
Sorry Bout That,Yeat,spotify:track:5G9CRx8UPvVfZe1L8gXKT0
Parlay,Cash Cobain,spotify:track:4cfvWvZEyyKL1AqBVt1znF
Poppin,Yeat,spotify:track:3wn8nOygkHLUQ9dlXM1rKW
I Don’t Text Back,YoungBoy Never Broke Again,spotify:track:6Gh8SC2X9tC1EmgJK6tin0
Monëy so big,Yeat,spotify:track:4Se3fXoHJkcraQzJXo2IYn
On ne dit jamais assez aux gens qu'on aime qu'on les aime,Louis Chedid,spotify:track:0FnzcfQPCSeWF6o1KCkey2
Never Catch Me,Flying Lotus,spotify:track:1KOqY0QTSadQFRgbNw1sLh
Time: The Donut of the Heart,J Dilla,spotify:track:6ywnTBL62OTd8HUaztJizb
At Your Best,Aaliyah,spotify:track:4lRrk574qIHpoEEKC1zuam
Under the Influence,Chris Brown,spotify:track:5IgjP7X4th6nMNDh4akUHb
Go Crazy,Chris Brown,spotify:track:1IIKrJVP1C9N7iPtG6eOsK
New Flame,Chris Brown,spotify:track:3fBbfrWZUuWWrMQXFISr7N
Autumn Leaves,Chris Brown,spotify:track:7EJ1CjaeHobTNQCJOrFmpZ
Don't Think They Know,Chris Brown,spotify:track:3uVCPFmavlWGQUqeYh8HhR
Fine China,Chris Brown,spotify:track:0yz2J4wsXFCjMjpJ6A74yV
All I Want,Chris Brown,spotify:track:0T3eQNCGwO5nOsBymYQSPX
No Guidance,Chris Brown,spotify:track:6XHVuErjQ4XNm6nDPVCxVX
Sorry Enough,Chris Brown,spotify:track:2KmCMQ2EuJs4d2QK9f5yRL
Undecided,Chris Brown,spotify:track:58oryymPZNdtS2z8Une6NJ
Early 2K,Chris Brown,spotify:track:5ukTyGI2xoGVVvsjlTACEL
Balls Out,¥ellow Bucks,spotify:track:0OBs5F6NRoZPWTyEanAnpR
Thought It Was a Drought,Future,spotify:track:7hbjjikJ0jZcoKHaofy209
Lil One,Future,spotify:track:0njm53obEEnrgdkqO30kR6
Stick Talk,Future,spotify:track:3DtdAJJWgY5pQPNkQKxrCf
Rich $ex,Future,spotify:track:7HXSpPrq9OxfXg9pRUhzWB
Fuck Up Some Commas,Future,spotify:track:64RDvDnl1g6ak2nDyFevk1
Live From the Gutter,Drake,spotify:track:2uTG00P1DkhB97pdITkl2O
I'm the Plug,Drake,spotify:track:6bqtKURdSWkInAJHDkuaL0
Jersey,Future,spotify:track:2ACys0pX0SjmpQmQWzp7wt
In Her Mouth,Future,spotify:track:3K0sVapHNSSeJ8o4DLHOJY
Low Life,Future,spotify:track:7EiZI6JVHllARrX9PUvAdX
Wicked,Future,spotify:track:6BbINUfGabVyiNFJpQXn3x
I'm so Groovy,Future,spotify:track:2Nfd2ITp4WkI1aoZlYpZwg
Mask Off,Future,spotify:track:0VgkVdmE4gld66l8iyGjgx
Patek Water,Future,spotify:track:7r6LNJT2LqpLpEyZQJPygt
Mink Flow,Future,spotify:track:1KF7iLK6wK3hjjtqxjRiym
Fine China,Future,spotify:track:5274I4mUMnYczyeXkGDWZN
Crushed Up,Future,spotify:track:7wcyO1rrH3Ru4t659IjG41
Unicorn Purp,Future,spotify:track:2U3LJfQB0ALLxC7Yy0QW7l
First Off,Future,spotify:track:3WRIaWsws011vHMd9uzPjG
Government Official,Future,spotify:track:2QEnZJ8FwpBoyLKcFcgceT
HiTek Tek,Future,spotify:track:5v1STk4ZTTDrhgCs6LD3nd
Solitaires,Future,spotify:track:4kfeRwpq5KUaqTkgi4TbDF
Tycoon,Future,spotify:track:05TpY5Fov3Hgfp8V1KILZ8
Accepting My Flaws,Future,spotify:track:6n6CmyLTCIXJCPZnv7h2rn
Over Your Head,Future,spotify:track:7JsuXl9Odf3V38ksu4FWDZ
I'M ON ONE,Future,spotify:track:6wyhUr4Xw8z5uSy0AhoZfU
Type Shit,Future,spotify:track:28drn6tQo95MRvO0jQEo5C
Like That,Future,spotify:track:2tudvzsrR56uom6smgOcSf
Where My Twin @,Future,spotify:track:30TcFxtFyju8isK6Hjo9KY
fukumean,Gunna,spotify:track:4rXLjWdF2ZZpXCVTfWcshS
Top Off,Gunna,spotify:track:0HCnj7pfrvshnocOJUFeit
Drip Too Hard,Lil Baby,spotify:track:78QR3Wp35dqAhFEc2qAGjE
Speed It Up,Gunna,spotify:track:6PfI6EeLNiNGVAVg11nv7D
DOLLAZ ON MY HEAD,Gunna,spotify:track:3nS9a01VvXHQriLqJYwRqG
Slatty,Young Stoner Life,spotify:track:0ky8syPEVEfD7qCxMTW49X
Ski,Young Stoner Life,spotify:track:6755DFiZ7CWe2WMdTGW5C1
Diamonds Dancing,Young Stoner Life,spotify:track:7uZqvqXzzYMKrexKxdcGmd
pushin P,Gunna,spotify:track:3XOalgusokruzA5ZBA2Qcb
poochie gown,Gunna,spotify:track:3daUZMkia3HT0E7xITejR6
George Bondo,Westside Gunn,spotify:track:2TMmxS4qWwfZ5h2xwaDFsY
Kostas,Westside Gunn,spotify:track:30hui0n0IE1y699MAEPNGp
Anza,Conway the Machine,spotify:track:2BCbaompY94bwNCd3RuX4q
8am in Charlotte,Drake,spotify:track:0w3Mfe4PIVjuFjJbe3OlYv
Michael Irvin,Westside Gunn,spotify:track:6BZFzi6roce3ZBQ6dq13f7
Melo Chip and a Brick,Stove God Cooks,spotify:track:4OBPoAmeVVf6ywgCVv4uqn
Self Luh,Mach-Hommy,spotify:track:1y25NZliEmmg7OCqDf9o1I
LOST FOREVER,Travis Scott,spotify:track:7EiUtdeoWcKqLi5ELZCjYf
Brand New 911,Joey Bada$$,spotify:track:1SJnJJmrqRyE8YSdhEtbPv
KITCHEN LIGHTS,Westside Gunn,spotify:track:4mlP10ICLhXt2QmUf0GkpB
No Problems,Westside Gunn,spotify:track:16hqSZBx0km8synWDQUiiP
DEVASTATED,Joey Bada$$,spotify:track:4PnNzWe1LJoAMD5j5RHpI0
Show Me,Joey Bada$$,spotify:track:2uuJs2nltcYFh9pkKP7bW4
Cruise Control,Joey Bada$$,spotify:track:53NLq6SSyKSkLBdWkoYrE7
Written in the Stars,Joey Bada$$,spotify:track:73WQYVyUw0YZshyzYKFhe3
Hardknock,Joey Bada$$,spotify:track:3QbsrWxq3JyNov94VzbNdB
Pennyroyal,Joey Bada$$,spotify:track:2miKV8OiAhmZPjhCzgRnvw
Righteous Minds,Joey Bada$$,spotify:track:7dFGkZbmm6cVlI28bfMaWE
Blue,PETZ,spotify:track:6hbHNlBB2XLrMcnHZKYFKa
Put in Work,Jin Dogg,spotify:track:2MoHB6gFtDGxp0pSv3Mmec
On My Mama,Jin Dogg,spotify:track:2HgIhfsdUxpabGytuTe5VF
Little Demon,Jin Dogg,spotify:track:7CUCACujkdOjAfMpYGYdsJ
Never Get It,OVER KILL,spotify:track:0w9T9VQK5BDj6jXVJ3DYPX
Feel or Beef Badpop Is Dead,Namedaruma,spotify:track:437NTuFyPIGPZOySU5xS1n
Sunset,Namedaruma,spotify:track:0Bp0IHapX9vFUYfKvNv294
Walkin,Namedaruma,spotify:track:39LtPfFc9WuI9hU6zo5oUV
Good Day,Namedaruma,spotify:track:3KEpKiVXxnoUVOniZ5XTTT
Space Ball,Namedaruma,spotify:track:2pU8vMpD5k0V7W45LQ7rDj
Lost Bubblers,Namedaruma,spotify:track:5GLYJjZ07SgGhtzESmChkD
Rock tha Boat,Namedaruma,spotify:track:4mKiyR6R7vLqG8kGwPrnpg
100Millions,Namedaruma,spotify:track:4X3krXjiEYd8a3sGY6QDVM
Floatin',Namedaruma,spotify:track:0QMqvJp8SZsjmGQJnMD9N0
Allday,Namedaruma,spotify:track:6qMy75MtvxpaGWRRzKbERz
Graydaychilling,Namedaruma,spotify:track:7wbefyEzn1mV2J93FEtClX
365days,ASHURAMIC,spotify:track:0wqlqWs5g9ZxkqgcAS1BdU
Blue Berry,Japanese Magenese,spotify:track:6c8fLHSPhYK714ei5SvwQq
Rykey Daddy Dirty,RYKEYDADDYDIRTY,spotify:track:7z0ESUJx4oV9rm0j8QDKBy
It's Not Easy,RYKEYDADDYDIRTY,spotify:track:2B9ythDeCeT9BVVpOXnndN
Tell Me Bad Babylon,RYKEYDADDYDIRTY,spotify:track:1j6VMFuePR4TfuAu3xDhiC
All Gods Bless Me,RYKEYDADDYDIRTY,spotify:track:0PnBLxgh7iZE3uWKhpCfEn
Cry Now Smile Later,RYKEYDADDYDIRTY,spotify:track:6D6yKg5olBL0ivsQ77O5L4
Never Die Cop Man,RYKEYDADDYDIRTY,spotify:track:6iF75NVrI0gwr41oS3fRYB
Bad Daddy,RYKEYDADDYDIRTY,spotify:track:1rrd7Vyl5PPZ4juuOWw2FC
God,RYKEYDADDYDIRTY,spotify:track:0PnBLxgh7iZE3uWKhpCfEn
Beronica,RYKEYDADDYDIRTY,spotify:track:5zv9C4cvzqLsSkPgjdEcBV
Mother Jane,RYKEYDADDYDIRTY,spotify:track:4y87kRAIHKrLcDLsg4E4gZ
Honne,RYKEY,spotify:track:1xZwHDhl1Zs5ugTn8Rkjrd
Lord of the Man,RYKEY,spotify:track:5vu99hHXcfO90d9ghDQRX9
Good Die Young,DJ CHARI,spotify:track:52qoLsL7qyGJmL95VnmKcG
Halftime,Young Thug,spotify:track:4BP0An7SXctTY4kF41JxIQ
Digits,Young Thug,spotify:track:4cg1yakyRSIOjxKM2I7J1q
Tsunami,Young Thug,spotify:track:0GOOWPWqR2N7h3NkDi7oez
Chanel,Young Thug,spotify:track:0kCBorRrKZkSztd9m0QI3r
Dirty Shoes,Young Thug,spotify:track:5yh7nX2VqXUWjBVAzEwtVn
Goin Up,Young Thug,spotify:track:2pOm7AA1mtZ1sAjfzUscvx
Hop Off a Jet,Young Thug,spotify:track:3RZftiuTcLOqpsd8ZlwNhr
Millions,Young Thug,spotify:track:43YQDj1KOPMFAUcTEPKy4p
Ecstasy,Young Thug,spotify:track:1yBbxDXEfr8boXM1ubvBHi
Lil Baby,Young Thug,spotify:track:1GeNui6m825V8jP4uKiIaH
The London,Young Thug,spotify:track:3s4mrPrEFFPF0LmAfutW0n
Peepin Out The Window,Young Thug,spotify:track:03kozlqpm5twrblZia0m9j
Livin It Up,Young Thug,spotify:track:7zjEyeBsaw9gV0jofJLfOM
Icy Hot,Young Thug,spotify:track:3hluYfU25k6suH9WpaRsFm
Acceptable In the 80's,Calvin Harris,spotify:track:00cxhG668jV6gU6VK2FUVI
Ready for the Weekend,Calvin Harris,spotify:track:7sSqDlt9r1chzQEv6FPWKt
Stars Come Out,Calvin Harris,spotify:track:0wSEKJtoPVkNPrXAQXqB7U
You Used to Hold Me,Calvin Harris,spotify:track:6DpVLCKsNQXDmYdNdcNGnR
Blue,Calvin Harris,spotify:track:5PioHCJf5B3Nv8KtBbrLoA
The Rain,Calvin Harris,spotify:track:5Tv3j1JIHek3KDhlEYYRTS
I'm Not Alone,Calvin Harris,spotify:track:07POri5O6Xu0aVZzlvOcpy
Flashback,Calvin Harris,spotify:track:6A8llSO9QFF4djCCmuCrNu
Worst Day,Calvin Harris,spotify:track:4In89hvIOoIWMKCR55Pvo0
Relax,Calvin Harris,spotify:track:3DRUH4dR9qrEtD7D2ZpjMY
Limits,Calvin Harris,spotify:track:7x8SJJ2dw9Bi7ww5a0hdCW
Yeah Yeah Yeah La La La,Calvin Harris,spotify:track:4Vo3XVsT3UWqhl68Xi0Ghj
I'm Not Alone,Calvin Harris,spotify:track:07POri5O6Xu0aVZzlvOcpy
Bounce,Calvin Harris,spotify:track:7fTdzllZMm6Mw9CLAg7coy
Feel So Close,Calvin Harris,spotify:track:7KwxVnKZeEI50gGYLYoAHM
We Found Love,Calvin Harris,spotify:track:6qn9YLKt13AGvpq9jfO8py
We'll Be Coming Back,Calvin Harris,spotify:track:3Q8Pgbyv2FoQGAY7PwmwjK
Sweet Nothing,Calvin Harris,spotify:track:2VXKSw4wF5pk0fkIg3emcv
Thinking About You,Calvin Harris,spotify:track:7FYriLIoBPcvy8a11aMvpc
Under Control,Calvin Harris,spotify:track:4J7CKHCF3mdL4diUsmW8lq
Blame,Calvin Harris,spotify:track:07nH4ifBxUB4lZcsf44Brn
Love Now,Calvin Harris,spotify:track:3kLT6YJJFn4SxYf9yZI0fT
Pray to God,Calvin Harris,spotify:track:75kMrDKPJJpgEQaXVh7QMB
Open Wide,Calvin Harris,spotify:track:64j3Bd62HTe0pclk8Aq9BE
Together,Calvin Harris,spotify:track:0otmDG441slQ7QYZUPgBcM
Slide,Calvin Harris,spotify:track:7tr2za8SQg2CI8EDgrdtNl
Cash Out,Calvin Harris,spotify:track:0Ws8D3EWUDgY962Xftb0h5
Heatstroke,Calvin Harris,spotify:track:60APt5N2NRaKWf5xzJdzyC
Prayers Up,Calvin Harris,spotify:track:4KaIJ1FWXUoAAnOts1YWjD
Skrt On Me,Calvin Harris,spotify:track:7iDxZ5Cd0Yg08d4fI5WVtG
Feels,Calvin Harris,spotify:track:5bcTCxgc7xVfSaMV3RuVke
By Your Side,Calvin Harris,spotify:track:0vR2rIVORmgeKiGIgNT0fV
Charge It,ENNY,spotify:track:2YIIDMcF9zWJ2xcFSA99lH
Whereva,Brenk Sinatra,spotify:track:0sdmf2m8EGvFcy928bFISB
Like a Boss,JC Gwalla,spotify:track:4clFnNVs4y29CXyVlmjzKn
My B,JC Gwalla,spotify:track:5WSIhOnxADk5pRuVN53Klu
Painkiller,Judas Priest,spotify:track:0L7zm6afBEtrNKo6C6Gj08
Hater,Korn,spotify:track:0bpZrtdbpFSB1jbXXPU7Lp
It Won't Stop,Sevyn Streeter,spotify:track:2xRYnHQdLD9ketvC01UYYT
Weak,SWV,spotify:track:71EHOyEOhNx1SzTebRRyng
Are You That Somebody,Aaliyah,spotify:track:3Ch0HLsUMMcqSq6kVHi9wm
NSV,Bella Shmurda,spotify:track:7sIUw9iU1eVB0qq3wFrwBb
Ara,Bella Shmurda,spotify:track:1j9I9JrUTXNblSWazCq9CU
ROXANNE,Arizona Zervas,spotify:track:696DnlkuDOXcMAnKlTgXXK
Mitemina,DJ CHARI,spotify:track:3TNfPpEZWNllf7Amb8xX4Z
All the Ways,The Secret Sisters,spotify:track:5X7YV3w0f8wvbK58fupk0P
Bridge Over Troubled Water,Jacob Collier,spotify:track:4asa5agcZmibrmpTmb1q6m
What You Need,Bring Me The Horizon,spotify:track:0xZ2RmwcaiP0tvAll1Ndh5
FE!N,Travis Scott,spotify:track:42VsgItocQwOQC3XWZ8JNA
Dream!,Only U,spotify:track:5bWOyBNFbHsepP8Rg1elT5
CARNIVAL,¥$,spotify:track:4OssqCixV2Xsxd43wMIQyS
What It Is,Doechii,spotify:track:73RbfOTJIjHzi2pcVHjeHM
Stranger,LEX,spotify:track:5T6U7udvNbgFDTkYwsI186
N95,Kendrick Lamar,spotify:track:0fX4oNGBWO3dSGUZcVdVV2
Privileged Rappers,Drake,spotify:track:7l2nxyx7IkBX5orhkALg0V
Amor Mío,Alvaro Carrillo,spotify:track:6yCkccxYgWjdAi210LJdhr
Not Like Us,Kendrick Lamar,spotify:track:6AI3ezQ4o3HUoP6Dhudph3
How,Ella Mai,spotify:track:6w93UfN5MeXXQTrVIf5V6x
Genzai,ShowyVICTOR,spotify:track:1O2GQeWxLLMieXmzYah30v
euphoria,Kendrick Lamar,spotify:track:77DRzu7ERs0TX3roZcre7Q
Bane,Destroy Lonely,spotify:track:2TKwo7J4oyyiYZvck7ky3R
Team Tomodachi,Yuki Chiba,spotify:track:0hG608Ya6NPMIRa1Hvepl7
The Grower's Club Anthem,NORIKIYO,spotify:track:53JuXTNeS9Z6d9NWA2IfTG
Purple Ape,SahBabii,spotify:track:1FGx3ikPF22FtUYWMzsZ82
ええやん,Chesta,spotify:track:1mAnEpKbSp8zxUPr32w3Th
U My Everything,Sexyy Red,spotify:track:1TgStpMGTflN84asKJ8VU3
5xl,5lack,spotify:track:5yfDbRNf6nGISaTMtTKHDR
Nippon,LEX,spotify:track:03FHtY7Yre5T3wk3flLrlh
Sunrise,Snoop Dogg,spotify:track:2sbGP8IRzU0kSCYbw8ERya
Roadrunner,Migos,spotify:track:5DxA8tzKieKkOrvKnCrADi
STACK,eyden,spotify:track:2zmdVWIcXcSdOR5oS35h4f
Everything,7SEEDS,spotify:track:1UlwVFnl6JaQBL0tujTFJ8
Don't You Worry Child,Swedish House Mafia,spotify:track:2V65y3PX4DkRhy1djlxd9p
On BS,Drake,spotify:track:34tz0eDhGuFErIuW3q4mPX
Kill Bill,SZA,spotify:track:1Qrg8KqiBpW07V7PNxwwwL
Primal,Tokyo Incidents,spotify:track:396BW3kfXMwxOnXiL3IdEl
Luv,Nujabes,spotify:track:4xlpJ99yL9xYQtzG6c3hwk
Satian,RYKEYDADDYDIRTY,spotify:track:57FkzzDjk55nJxdBGuF5OP
Incident,KID FRESINO,spotify:track:4C5QR71jwS9LMUxILP68zE
What?,¥ellow Bucks,spotify:track:1U69b4Ng8vulee3ACKNPSX
You Are the Sunshine of My Life,Stevie Wonder,spotify:track:0n2pjCIMKwHSXoYfEbYMfX
Crazy Love,Poco,spotify:track:4l6uTQ4A2eWZrOzjgm1bey
My Revolution,Misato Watanabe,spotify:track:0OWgeWt4Vy4niKdHbMKS3x
mmadu,CKay,spotify:track:1PiqBod2OqGJub07PAkoGx
Yessirskiii,Lil Uzi Vert,spotify:track:59JWp4PjZ9TRM8cmtaDYB1
Karma,Ashley,spotify:track:1tFiFtNsXuZnBi9s2G40gK
Grow Up Mind,RYKEY × BADSAIKUSH,spotify:track:4EMoLg7OIQJN2KefvVBbHp
Sprinter,Dave,spotify:track:2FDTHlrBguDzQkp7PVj16Q
Good Bye,Green Assassin Dollar,spotify:track:48UCk3CoMxm2LGrzIe0oE9
Tragic Beauty,LUNA SEA,spotify:track:2P5o5fBgNOF0BNu8ILmjSc
Mary Jane,RYKEY × BADSAIKUSH,spotify:track:5de0aOWNiJ7iJmbTmYkEmO
Nijiiro,Green Assassin Dollar,spotify:track:5MZCxMzFBXZUrNzarkw8oX
Nagisa Hotel,Keisuke Kuwata,spotify:track:0PzjQw1HPozAdouOGrVHjs
Drip Down On,Green Assassin Dollar,spotify:track:4W2wRtVghp5NHrt6AGgMFF
Lady Madonna,Love Psychedelico,spotify:track:2thN3TmEDirb3AXHt2RGIE
Tadanakitakunaruno,Miho Nakayama,spotify:track:0XV1uG0C7ESyj8glirzqYy
Tekitou Ill Defrug,CHUCKIE,spotify:track:4KxJsR9US7DwJNN6whS4mA
Tekitou Ill Mc Matsushima,CHUCKIE,spotify:track:7gk9eTMPm0b469lGMjUeIo
Mugi and Hop,Green Assassin Dollar,spotify:track:1XRDdtdThQl613QUpeZTBE
TOPIA TWINS,Travis Scott,spotify:track:0lodMO0qK83vfPiiD7FMEt
Luv,Nujabes,spotify:track:4xlpJ99yL9xYQtzG6c3hwk
Tree Among Shrubs,Men I Trust,spotify:track:2JKtCvtxP47fOMYi0BjMoY
Wondering,Green Assassin Dollar,spotify:track:5uF1H5ER909QaM6H3gFT9A
Ungrateful,Megan Thee Stallion,spotify:track:6vA7RdHmU23h3ygUPPFXz5
Set,Jin Dogg,spotify:track:6umOC2L84vHgV16YJgGSO0
Hollow Me,Yura Yura Teikoku,spotify:track:6Efh7DYf2U7e6etkdZlnAr
Girl,唾奇 × Sweet William,spotify:track:5PnDcAGZ1gtbmkcDesGnes
Tomodachi,Anzenchitai,spotify:track:6YotklbOAnHN8TGer6QDHe
Thuggin’,Freddie Gibbs,spotify:track:6m192NGYZHIbO5UBkkM4oN
café Bleu,Keisuke Kuwata,spotify:track:64Wy24VpXkPoVBfYtE5uQJ
Nothing Into Something,Savannah Ré,spotify:track:2qBKBKF1lQdjCf4FEdr4xN
Still,ANARCHY,spotify:track:4gAYZH1R1rjjw6coCDaeaU
I'M THAT BITCH,BIA,spotify:track:39uEuUEWsAZtozSQRPlf62
Prove,KANDYTOWN,spotify:track:1o0ntt1a6fDKqscTXOTHfa
Marigold,Aimyon,spotify:track:2cKiHG16JBiqHdi7Llq0r7
Reconsider,Cafuné,spotify:track:5xtENt0Tbps029zM5UTTyi
Vanessa,RYKEYDADDYDIRTY,spotify:track:0vasgyqTVbN7ijy1j25OpT
Dreamin',Green Assassin Dollar,spotify:track:7tffZ9S1tY5zeMQrVIePnk
Mood 8,Green Assassin Dollar,spotify:track:7F2rnhuFEMijKJMgtDjOjz
Liability,Drake,spotify:track:2vy9Ry1TNjCD85TiCbTz0r
Keibetsu to Hajimari,DIR EN GREY,spotify:track:44rnqGbKM3UdDVaB2Ef4bG
One More Night,Kel-P,spotify:track:6ZZgjRB0CXBsKGxpJIXYFD
Holiday Road,Lindsey Buckingham,spotify:track:38i0QcGQ9hu8PMk4QObUTj
Kata,REAL-T,spotify:track:45F1hn2t0d01BvI5Cu6pD4
HOTEL LOBBY,Quavo,spotify:track:4vVjPTApwXZwB2H3mBq3ml
Science Student,Olamide,spotify:track:3nlHlYHEvLxkwCiiqbjCKI
"Whiskey Ga, Osuki Desho",Ryota Fujimaki,spotify:track:1kzgkOKz7tG4eutEoeeIJx
Last Kiss,Pearl Jam,spotify:track:0QnONzv3TvHAWk294h6DaQ
Outta Time,Bryson Tiller,spotify:track:4SCnCPOUOUXUmCX2uHb3r7
On the Low,Burna Boy,spotify:track:1zIk8RJEKGvoH4FioFnGyJ
Beaucoup de bruit pour rien,Tokyo Incidents,spotify:track:47ghgWkJkpmzK60sG7Tno5
woman,Omah Lay,spotify:track:5v8Fxy6Zw8gOzi802lpDOt
Crew,GoldLink,spotify:track:15EPc80XuFrb2LmOzGjuRg
What's Going On,Marvin Gaye,spotify:track:3Um9toULmYFGCpvaIPFw7l
Saino Kawara,BRAHMAN,spotify:track:5ddUCd7x99iwm7I2FmlZAq
Peaceful Dub,Harry Mosco,spotify:track:6igjZ309vuhMDpFb4Catli
"6, 8, 12",Brian McKnight,spotify:track:0IR0twnckQoKMgbnPf5uw0
ALYGATYR,Kasabian,spotify:track:36SKb9Zlazsgqk4jCe7UPy
Not Around,Nova,spotify:track:1Adhz5VVDZxhojOLfQQUxa
Primal,Original Love,spotify:track:25NvkemXNNGi0nBhm3VYJC
Die Young,Sleepy Hallow,spotify:track:4wBzWNjUMwQg541J8cAciN
Towa,SUGIZO,spotify:track:5fDt30p1uUPkM3hT0sCV2o
Small Things,Rich The Kid,spotify:track:1NMd9nujZzEGN34BtpO8Xf
Loveeeeeee Song,Rihanna,spotify:track:5Mk1tgVrSuoWWwPVFNS0jB
Stupid,The Birthday,spotify:track:2DL1SwjajQUM07Xly3s3RJ
Touch the Sky,Kanye West,spotify:track:2dxjKgT0li4qBI3QwuN9Ih
Plastic Love,Friday Night Plans,spotify:track:2qxTmEfGbBGMSJrwu4Ez1v
Jimmy Cooks,Drake,spotify:track:3F5CgOj3wFlRv51JsHbxhe
TO THE MOON,JNR CHOI,spotify:track:5vUnjhBzRJJIAOJPde6zDx
明日は来るから ~TOMORROW Version~,TVXQ!,spotify:track:1YdgioAriluJAtq2lECjcS
Pound Cake,Drake,spotify:track:4tfZFYlUYtuXndIRn6yobU
All Things Happen For A Reason,Syreeta,spotify:track:6a7roiL0lR2ymNpYQuOCvN
Waterfall,Disclosure,spotify:track:3X2Aw6bQ7TfMMKsTzjTlDg
Akarino Tomoru Tokoroe,Koji Tamaki,spotify:track:0MFBFYHy9GVXtb44Ejq3Qf
good 4 u,Olivia Rodrigo,spotify:track:4ZtFanR9U6ndgddUvNcjcG
Recognize,PARTYNEXTDOOR,spotify:track:1DMYEiuAgz1OKvANXiNFrN
Driver's High,L'Arc〜en〜Ciel,spotify:track:4eL14qmwVFFgXoOqy9fWOt
Down Hearted,Sleepy Hallow,spotify:track:1Te0tlHsR9TKyP1DF7inQD
Superwoman,Karyn White,spotify:track:3bceL3NJmM8sKwr5dyrKAz
Out of Time,The Weeknd,spotify:track:2SLwbpExuoBDZBpjfefCtV
Dubai Shit,HUNCHO JACK,spotify:track:6urLjX35oXXRYtcH1b3dCh
Kanashimini Sayonara,Anzenchitai,spotify:track:5eCloFta7KUnm9sCBqvJOB
Sharing Locations,Meek Mill,spotify:track:3J4VKkUpLvomXJbn9ZAypO
Still Into You,Paramore,spotify:track:1yjY7rpaAQvKwpdUliHx0d
Love Song,LUNA SEA,spotify:track:7h6SmAuLMiNaiD8RJ4f5Xb
mOBSCENE,Marilyn Manson,spotify:track:1YVuJrfHHmD4ilULhAVqPW
Frozen,Lil Baby,spotify:track:19n0UZuW8AArMVWNztoXu9
Need Some,NAV,spotify:track:4Reuxx2B7DFQwp9lDSMMKP
Ocean Drive,21 Savage,spotify:track:1UyLFPOIG7E1OfamPQLOfD
Plastic Love,Mariya Takeuchi,spotify:track:3lq6i23fC6j1v1AR0GeNg8
Sticky,Drake,spotify:track:4rmVZajAF7PkrCagGPHbqa
Mikuni Eki,aiko,spotify:track:4TgFbOi9ZZxelaSuESGzCh
Osorubeki Otona Tachi,Tokyo Incidents,spotify:track:3N4QIsztLs3R1vu1QmIH6e
I Don't Wanna Go Out,Wet Leg,spotify:track:59AasfokhGnvuaDVUiJqb7
Good for Us,Lydia Persaud,spotify:track:2iWh41eNXDwsKzkDm0RMqS
BAE BAE,BIGBANG,spotify:track:7qPzWJGFP6KO6JgDqKdjDK
Race My Mind,Drake,spotify:track:2Q3jFbyE61mCjS3SkW4toJ
Let's Fall in Love for the Night,FINNEAS,spotify:track:4pfhgOylRLcBll5JjUsJZj
Reason with Me,Rudeboy,spotify:track:32XQEUK9SRIi8rYR33yR8c
Slippery,Migos,spotify:track:0TBgMKD86t1VP3IzhxCoUl
Peru,Fireboy DML,spotify:track:4vb777iaycnlFxVkJMmtfd
The Moon of Seoul,Kim Gun Mo,spotify:track:33q2T6Bt6N1JKGQ4lSYjPm
Ye,Burna Boy,spotify:track:3FskQrDXcY24ur2fCvz35O
Try Me,The Weeknd,spotify:track:4ppTAJUbNXELZcoUaL90wo
In The Bible,Drake,spotify:track:61S79KIVA4I9FXbnsylEHT
The Big Sleep is Over,Big Boi,spotify:track:5uAK8EDeSlppavSDDAa4OD
Yumeno Tsuzuki,Anzenchitai,spotify:track:1LNJyJiA4Qm5bvCEMESJOn
The Heart Part 5,Kendrick Lamar,spotify:track:5qbhVL3vB7HwWvb0042B7y
Sweet Insomnia,Gallant,spotify:track:57vONmoD0vJTTTwW10ofrZ
X,21 Savage,spotify:track:6fwdbPMwP1zVStm8FybmkO
Hopscotch,88rising,spotify:track:6nQvlC4Xe5fUEie5JiN41f
Countless Times,Marzz,spotify:track:4Dy5oXGqZZLzOumW6Jho7o
"Cool, Calm & Collected",Pressa,spotify:track:5DA10wRfycixAJMmi1aKqt
It Doesn't Matter,Tory Lanez,spotify:track:1PctiT4kQofMU6Rge9TE13
I Have Nothing,Whitney Houston,spotify:track:31er9IGsfFbwqy1pH4aiTP
Slow It Down,Ty Dolla $ign,spotify:track:4OB4lUX8h7QLBo1rfiWNht
City of Gods,Fivio Foreign,spotify:track:4huBDGP4I3S0pYI0EaRN1c
t r a n s p a r e n t s o u l,WILLOW,spotify:track:5JKnYZOhSP7rOK0jPYcCjV
Ven Devórame Otra Vez,Lalo Rodríguez,spotify:track:5mg6sU732O35VMfCYk3lmX
Felices los 4,Maluma,spotify:track:1RouRzlg8OKFeqc6LvdxmB
In Arms Reach,P6X DRU,spotify:track:2C3UhGB775CZX4eLeVrVlV
Tobey,Eminem,spotify:track:1ymWIr4E5x6xORlDO0bXlP
Last Resort,Papa Roach,spotify:track:5W8YXBz9MTIDyrpYaCg2Ky
Sleepwalking,Bring Me The Horizon,spotify:track:0gchQwxmBWj5no8NJ8b2yH
Fuck,Bring Me The Horizon,spotify:track:1d8a5svEuWKZdNH9U0IKPN
The House of Wolves,Bring Me The Horizon,spotify:track:7hntkdvG3jWdFKm7pGCCzd
Shadow Moses,Bring Me The Horizon,spotify:track:68osIGtVjM7QWVe6pazLHj
TAKA,Ahadadream,spotify:track:645e3XeVtB7QYpl3RdJBil
How Am I Supposed to Live Without You,Michael Bolton,spotify:track:3RMeOetCdXttthQK0clPuz
Arthur's Theme,Christopher Cross,spotify:track:5fnOrhQ4KgT5irGCjIccGH
Pimp Juice,Nelly,spotify:track:7bYKMJI4z6mApjLhv4hOBM
Dear Moon,JeHwi,spotify:track:25jQhp7TC3nIJ3Jm3QoFI6
Dong-Feng-Po,Jay Chou,spotify:track:3WTd8qNJhJHAgRG6FhdSPZ
我懷念的,Yanzi Sun,spotify:track:7z2M7DsEjZjwXBkWG3zd21
11,G.E.M.,spotify:track:2jo0X1y0wRSkniHOaT2H3l
TBH,PARTYNEXTDOOR,spotify:track:236P5yLtfnHgTMxevc0q6F
Joy,PARTYNEXTDOOR,spotify:track:0SLNmZFeGw1wInZCzF415n
Not Nice,PARTYNEXTDOOR,spotify:track:6tHt7Ln9RV8FTlT4kTxr2b
Tap,NAV,spotify:track:5rU6kDNXZLXIinFezpbWbO
On Hold,The xx,spotify:track:5w3CRkbTWXfbYepIdFpGUN
Freaking Out the Neighborhood,Mac DeMarco,spotify:track:3HlK8txWAdtKMrbsqX40pl
"Bitch, Don’t Kill My Vibe",Kendrick Lamar,spotify:track:0yhMmqax6HRAZxI7udEask
Hey Daddy,USHER,spotify:track:030OCtLMrljNhp8OWHBWW3
Same Girl,R. Kelly,spotify:track:6OSmeoh8kXhCfz9WqvzDoJ
I'm a Flirt Remix,R. Kelly,spotify:track:6w1DBbA8akxHPiBQ6nAyJq
"Love In This Club, Pt. II",USHER,spotify:track:2bppvcuQhuMcJZHtM9So7r
Your Heart,Joyner Lucas,spotify:track:2DTpP3caqX3QdJIEoS83mD
Imazine,Tsubaki,spotify:track:79at3p6FBzvRXDzH8I6GO3
Baka Survivor,Ulfuls,spotify:track:3L1S5SYSUdJhgv6EYkKnG8
'Tis A Pity She Was A Whore,David Bowie,spotify:track:7CEjBoE7psDI0hXyZbl6mv
No Love Lost,Shaquille O'Neal,spotify:track:4cSfoMZcNJm117RWXFCDDh
Take The Lead,PARIS.,spotify:track:5ka5gFNenPncFhO6YkCzbb
Hello B*tch,Tyga,spotify:track:1hzAauRjVOW3QJlCUTP3X4
Floating,Alina Baraz,spotify:track:4PlbUZ7l0HPZFcTf31hrkt
Let Me Go,Daniel Caesar,spotify:track:3ym8ajVmKm6Fybgov3WBI5
Universe,Ty Dolla $ign,spotify:track:0Sy5NQqvb7Qy9OS0xcWh6f
Walk,Comethazine,spotify:track:0sVcnEo2jnUnr3p7uVDZ9o
Talk My Shit,Bossman Dlow,spotify:track:6O3WfmAQIgnLBGVzZJVS40
Mr Pot Scraper,Bossman Dlow,spotify:track:6PmqCt2fO80OojY5eGS2X3
Rules,Sauce Walka,spotify:track:5OBKszbjH0qjrc7t0Aj25z
Scratched My Rolls,Sauce Walka,spotify:track:1BZJbHhxmcOcaoPLl2LM0X
Where My Soda?,Sauce Walka,spotify:track:27eKx3vmCdAtKWYiDb6jPc
Not Alike,Eminem,spotify:track:28FGV3ORH14MYORd7s5dlU
Bang,Conway the Machine,spotify:track:4sn2mlcCdzOvS3MmAbutVR
Deeper Deeper,ONE OK ROCK,spotify:track:3qmZlJRJjliV3a9LKRiIMT
Lost and Found,ONE OK ROCK,spotify:track:4E0lHSPfXL679DtfbsqD8Q
Pierce,ONE OK ROCK,spotify:track:41BEruDJtTym6apBSyL0iG
Kanzen Kankaku Dreamer,ONE OK ROCK,spotify:track:30hzxa3MaRd2XXB6kXGlPh
Feels Like Summer,Childish Gambino,spotify:track:7p4vHnYXkxlzvfePJVpcTr
Redbone,Childish Gambino,spotify:track:3vQ4T78TTMOjQXGfXVKQJo
This Is America,Childish Gambino,spotify:track:0b9oOr2ZgvyQu88wzixux9
Finesse,Bossman Dlow,spotify:track:6zdGkPEBTBojHWZmEDU8zE
Nwanem Ebezina,Chief Stephen Osita Osadebe,spotify:track:2ftoLKEKA6zMI8qoWsSvah
ASAP,Shallipopi,spotify:track:6FZlSfQrD9aoB4SSnoAzWk
Billion,Shallipopi,spotify:track:3dWsXUC1wvR66VwBQx3xCd
Continental,King Promise,spotify:track:2YZIP6kROKip5s5C52L6u8
Mnike,Tyler ICU,spotify:track:5tpft20jhQvRlG3O7XfwWy
Grindin',Clipse,spotify:track:3XrvEifl0hIzgBGUa5jBLS
Never Freestyle,Coast Contra,spotify:track:1a9x6fk6pUMxr28vZR3nU3
Stop! In the Name of Love,The Supremes,spotify:track:52FlwUMMDnTK8TGkCag9Jd
Ain't No Love In the Heart of the City,Black Pumas,spotify:track:2elS7V4lFJ1gBNHwfsTKVD
Pink As Floyd,Red Hot Chili Peppers,spotify:track:03GSskFw5AAKkwlOfiUMpR
(Sittin' On) The Dock of the Bay,Otis Redding,spotify:track:3zBhihYUHBmGd2bcQIobrF
Uten Kekkou,Tokyo Incidents,spotify:track:0V0BDbUyslaOULBgRpS1YM
Ss,Tokyo Incidents,spotify:track:7ggbEobBDvFmEWkunLFeE2
Cliffs of Dover,Eric Johnson,spotify:track:5qm0KiVKMXW1kq6VrnIhz5
Heaven Knows I'm Miserable Now,The Smiths,spotify:track:1xaTREM89RbIxkcjlpf4Uw
Igbo Highlife Medley,Enkay Ogboruche,spotify:track:1T7Ez4OcF4pGpdbanGomIp
You Are,Gabriel Eziashi,spotify:track:3rJvPW8MWXP46EnEUYasbx
Rejoice,Enkay Ogboruche,spotify:track:3b5ldygShgTPyhDEtnAtga
Aggressive -2019 Ver.-,KREVA,spotify:track:7eDqkUbRuGpUXj59K7VVWs
Pussy & Millions,Drake,spotify:track:2KLwPaRDOB87XOYAT2fgxh
Eyes Eyes Eyes,XinU,spotify:track:6Y6cPGEbfR5Pnhc684cztG
Omoi Omoware,XinU,spotify:track:1BsQwhwVGNnCNni42IL3X0
Renaissance,Eminem,spotify:track:55u5QIlEuzCipJBtZPdJio
Habits,Eminem,spotify:track:7I3RalBqE7ZE0RSxgGlGlm
Trouble,Eminem,spotify:track:59151GHN7yr5g9B3bqlGdR
Brand New Dance,Eminem,spotify:track:77pfjsq0gSZwO8bYVTVROo
Evil,Eminem,spotify:track:21LCotDEwR7R8qOnqPVzi9
Antichrist,Eminem,spotify:track:0DIcssPpatAMqFXLZCxZMN
20th Century Boy,T. Rex,spotify:track:0SDinO6NwSQjskZHcwVCyt
Starman,David Bowie,spotify:track:0pQskrTITgmCMyr85tb9qq
Fuel,Eminem,spotify:track:5In8B6Om5OKrhwBMB4tXSi
Road Rage,Eminem,spotify:track:0bBnrokPXtfwXQarqCu1Gz
Houdini,Eminem,spotify:track:2HYFX63wP3otVIvopRS99Z
Guilty Conscience 2,Eminem,spotify:track:3LkXOTWDwskwciQoARFDzu
Cry No More,Headie One,spotify:track:1RAwKDC2VKpxLy6es0KZTJ
Show Me,Kid Ink,spotify:track:4q6dqyGM25sKFU8nYAGRe4
In da Club,50 Cent,spotify:track:7iL6o9tox1zgHpKUfh9vuC
Poppin' Them Thangs,G-Unit,spotify:track:4E5IFAXCob6QqZaJMTw5YN
Hate It Or Love It,The Game,spotify:track:2wGSgTmgSF3xjRrHkTc25R
The Veldt,deadmau5,spotify:track:1GD5ooLHgV9nolrem1DBiB
I Remember,deadmau5,spotify:track:7EroGeDg1uteOaQ45Ftfiz
Sabaku,Hello Sleepwalkers,spotify:track:3pNNDOJAXTNiH0RMfg7Eyq
Put That on My Set,A$AP Mob,spotify:track:2kwxN1whHc0YR0cBHR5iOi
Hannah Montana,Migos,spotify:track:3SnLc0bQjQeE3HgGdNfb8u
My Baby Santa Claus,Yumi Matsutoya,spotify:track:7K1w8pMu2MeXgU3FPqwxbR
Fuhen,Ano,spotify:track:0AzhddCMwOKVwmlhKtGu6F
What Doesn't Kill You Makes You Paranoid,The Beaches,spotify:track:3xLOD2jhRXA9CVEfNRHt6C
Cupid,FIFTY FIFTY,spotify:track:4gXHG9domIKO6FIViDISA4
BACK IN UNI,Blaqbonez,spotify:track:6mHwUPpljnYwbzuua5jY3N
Last Heartbreak Song,Ayra Starr,spotify:track:1A1ifX8sWzelNpkL5PxcHT
Bleu,Fred again..,spotify:track:7c584s9RZQzkJDoC08VDJB
Marea,Fred again..,spotify:track:5Z8Dj3LtbyCMiwE86rhg2f
Cho Saiaku,Genie High,spotify:track:4yxY92AAlRIlu22ZNjUaVo
YOSEMITE,Travis Scott,spotify:track:7lAK3oHbfEnvUQWosrMMpR
What's Luv?,Fat Joe,spotify:track:2mKouqwAIdQnMP43zxR89r
Rain,Sid,spotify:track:2LZ9iobmtiQa52mZMIebuH
Monokuro No Kiss,Sid,spotify:track:7KRIVYAdAvTWaR7Mzfmnbv
Samurai,Lupe Fiasco,spotify:track:00LGJRRqN4AtSpHrvjIyiJ
Mumble Rap,Lupe Fiasco,spotify:track:0yEc3E8I61boAM4ADMldtn
Palaces,Lupe Fiasco,spotify:track:4ZMkvjr7y8M9Jv3lN87lff
Bigfoot,Lupe Fiasco,spotify:track:2sCGD4YgHcHVFSBKtzAiUV
Outside,Lupe Fiasco,spotify:track:4VM3DRzZBBBTnnJw66Y8gz
Til Eternity,Lupe Fiasco,spotify:track:5JV34AOtX6BD1mJ6gTrxWN
Time Will Tell,Hikaru Utada,spotify:track:47OvHGnQfhrPpyNCmNFTAy
Poland,Lil Yachty,spotify:track:74loibzxXRL875X20kenvk
Emo,Muyeez,spotify:track:4oikgJR46naK6qMDqprOgC
Love Garden,Boj,spotify:track:2W5n3jiFEq94cPpRdNxFKL
Trumpet,Olamide,spotify:track:3Q3cmIGrJM7fDpXdo0gEPG
Gmail,CKay,spotify:track:4B3N33i7imwKJuH6nX30Gx
Angie,Fred again..,spotify:track:24CoUR3GwPXeWJzGizLzhR
Everything I Own,Boy George,spotify:track:1ZgEpCLk5sQcwMSpIpGfiQ
Private Room,J.P.,spotify:track:35qWJOaWkfaGLuY9Ngn6VV
Morning Sun,Shindy,spotify:track:1NcVOQ0fu8erZf2XkQuAEB
I KNOW ?,Travis Scott,spotify:track:6wsqVwoiVH2kde4k4KKAFU
風にのって,Janne Da Arc,spotify:track:7ymHcljPyetnd9rPGOJUfi
Still,Janne Da Arc,spotify:track:115OVtRP4rV3Kb2AghobXT
Rocket Dive,Dragon Ash,spotify:track:3ZMh2zp5u6nj3Ag1P24nBz
The Beginning,ONE OK ROCK,spotify:track:1J6MFj60gFCvYqOtjoYkM0
Pride,Yamaarashi,spotify:track:3CzODZfREwoLNYPqrVKyP0
Today's the Day,Dragon Ash,spotify:track:1i8nAyTGYU2n5wBNFJbNhb
VOX,Dragon Ash,spotify:track:7tonWzUNa7qiuBfTloPu3N
Keep Pushin,"Keith ""Wonderboy"" Johnson",spotify:track:1ETtXAJ9y3rAzWUs7da0Da
Bad Feeling,BOØWY,spotify:track:0iujTWTgmqgrc6bXxVu9aC
China Town,Eikichi Yazawa,spotify:track:2DUxQ0f2AR7QcG7iKOPNGL
Lightskin Lil Wayne,Tyga,spotify:track:1zZEly0sLmyDm75c1pAqYf
Goddamn,Tyga,spotify:track:4TCG827sk5fDEmUvcQlStk
Sexy Dancer,Harry Mosco,spotify:track:2lAQ8P4dgiV8iteSdf9hWW
Escape,Nemzzz,spotify:track:43nqv4QZLdroszZ03wKCCh
Money Trees,Gottz,spotify:track:2JaEYhyKiufEazcC51QhWC
Gm,DJ KANJI,spotify:track:3iMgNW5vuVOBklU8nImVk4
I Wish I Knew How It Would Feel to Be Free,Nina Simone,spotify:track:5CKHhg31HcYYhwUeeGqvhq
ocean eyes,Billie Eilish,spotify:track:7hDVYcQq6MxkdJGweuCtl9
Walkin,Tsubaki,spotify:track:3maUkgWmVgFlzyRS5GrnHV
Burnt Rice,Shawn Wasabi,spotify:track:2S4N7RYlhHr1vWadDaleuJ
Riot,Lil Skies,spotify:track:16U1C1VQYroAaCvqZq2oO8
Real Ties,Lil Skies,spotify:track:0Qd2KYCmwGYiTF3A0opS6b
Havin My Way,Lil Skies,spotify:track:3TcKJZF01kCz0yyadk3gsI
Really,Crossbones,spotify:track:3tymFnsX3jMuCMOClxZR6J
"Teacher Don't Teach Me Nonsense, Pts. 1 & 2",Fela Kuti,spotify:track:7B2epm7dte0Wgq8OC5wzqc
Oni Suru,Odeyemi,spotify:track:53Df6hdXnMoqxwuWHbYdqu
Progress,Tony Allen,spotify:track:7gGmZVHLbnnR9ksLvREMvr
Sastanàqqàm,Tinariwen,spotify:track:1iF5qF23HdEoy3US9Bb9zR
Ha,Juvenile,spotify:track:3b0dX6Q2lxp7OX5lFt0nba
Bounce Back,Big Sean,spotify:track:0SGkqnVQo9KPytSri1H6cF
Moves,Big Sean,spotify:track:0Fv5N0cHBsl4bzCbollCAS
No Favors,Big Sean,spotify:track:1MksGqIztTT6M9R1ErKVs8
Never Be Yours,Kali Uchis,spotify:track:3cKnHNL40tqnmjXiv4FOlk
I Wish you Roses,Kali Uchis,spotify:track:35SbrfbaSpGUBX7e5BPega
Conslata Achieng,Kiwiro Boys Band,spotify:track:6uTXZt7wiIEwWkUo3OojgJ
Blow Out,Radiohead,spotify:track:5XpcTQlNnfIQbiWE4hvYo7
Love Yuh Bad,Popcaan,spotify:track:0mfpp9F6KZUKjPzSQKlCjP
"Etude in C Minor, Op. 10 No. 12",Fujiko Hemming,spotify:track:6jEMK0krtJPZM7Z7Ixvyy4
Kiss from a Rose,Seal,spotify:track:3YKptz29AsOlm7WAVnztBh
Bonita,K. Forest,spotify:track:2j3WE0EFxtsX3LHjxOeHgu
Water No Get Enemy,Fela Kuti,spotify:track:2oWex6rYoQ7Bl2D9zG8d3F
Heartz Of Men,2Pac,spotify:track:6VAdOq9sndm8QQqXx4BhkK
Accordion,Madvillain,spotify:track:67vrmPygrZ9giGqHUSReAT
"Footsteps In the Dark, Pts. 1 & 2",The Isley Brothers,spotify:track:1tL5a9jowsWMtn3wkFYsG9
Love Train,The O'Jays,spotify:track:28285KFbyCq8sJofn58qlD
Papa Was a Rollin' Stone,The Temptations,spotify:track:7MiLmLbwNoyf47xQ4TCVYp
You Can't Hurry Love,The Supremes,spotify:track:1OppEieGNdItZbE14gLBEv
KOCO KOCO,OZROSAURUS,spotify:track:09XTrGh7yx1UCPCQLLnf7W
Bay Blues,OZROSAURUS,spotify:track:6VUVHOrbL8LdmqDS0nqyck
白日 ALBUM VERSION,RIP SLYME,spotify:track:0otl7qaaiHAoq0t3MzTXxS
Nanokakan,TWIGY,spotify:track:5Exyrd1Ux7XadNgKmL3kG7
Mappiruma,ZEEBRA,spotify:track:6qdUpyjKfO8OGcs7ZjO6Px
Feelin’ Go,Fujii Kaze,spotify:track:1C22EnQawXuIsqgnnWcrMR
Agora Hills,Doja Cat,spotify:track:7dJYggqjKo71KI9sLzqCs8
We Won,Tion Wayne,spotify:track:0rLGYykaXj89TBOXq6Aief
Wid It,Tion Wayne,spotify:track:3DQRe4gHJOY4ufHBZr2jUF
I Dunno,Tion Wayne,spotify:track:3B0WbRucJ6ZIla2G9IVt2E
Only If You Knew,Dutchavelli,spotify:track:27ApZ49hpZZbLSBdNLnqjv
Skr On Em,Dutchavelli,spotify:track:0rrFIt5Hr8ERpbsJslofL8
Darkest Moments,Dutchavelli,spotify:track:0yT0op4ntvTxIGGfs8W9cw
Surely,Dutchavelli,spotify:track:2up9nw1zIgMQKN5oC8b9J7
capture my soul,CKay,spotify:track:6nWbowN2n1DXxyfQGhx2Zz
Calm Down,Rema,spotify:track:0WtM2NBVQNNJLh6scP13H8
Terms and Conditions,Boldy James,spotify:track:2q96AKhUMU6sRz4VhpQVKn
14 KI's,Conway the Machine,spotify:track:4vptagaIflVdu1F9Q11o9d
Ray Mysterio,The Alchemist,spotify:track:5HCBEhjJ90VMZ2bzwPwK8S
30 Freestyle,JID SV,spotify:track:6vzwJFoinngvvGUUdrqUdg
erase me,Lizzy McAlpine,spotify:track:4R2DDseYW2tsmMhvdQQ2Po
Never Gonna Be Alone,Jacob Collier,spotify:track:275XKjLmQFuZnxTvvtJ6VZ
I Miss You,blink-182,spotify:track:1oTo3ijRbaDAtrjJrGAPSw
Free,Calvin Harris,spotify:track:3NxB1jubUWY6zit9rOk8ZC
Midnight Breeze,Inger Lise,spotify:track:6EYdbQd7567JbSj56SdVkt
Joy,Timbaland,spotify:track:7jV7xNabBbcSkpwAGETIuY
Up Jumps Da' Boogie,Timbaland,spotify:track:4iIba3ZoAxi5TrDs11O5ZO
AZAMAN,Rema,spotify:track:4K5lYtD8r6OFRbzWc6MwCS
YAYO,Rema,spotify:track:3sKBph3ElueH1dVLmkHWZZ
Doshaburi,kZm,spotify:track:30iyDoqghH5gs3I7bAFT4a
Like That,Tee,spotify:track:4BOmQpFBXs7NsIVDpL6Eop
Best Friends Forever,BIG-8,spotify:track:4JmgVvrPNdoleaRvQS7Rxo
"Swan Lake, Op. 20, Act 2: No. 10, Moderato",André Previn,spotify:track:2xizRhme7pYeITbH1NLLGt
"Messiah, HWV 56, Pt. 2: Chorus. ""Hallelujah""",Choir of The English Concert,spotify:track:1o83BhouGGvWoHqyaJBwJk
Dumptruck,Kinfolk Thugs,spotify:track:4uFevo0lhDBUmEbcDSVqGK
Selecta,Skrillex,spotify:track:2nBswif1hr0AS3ialfIRgy
Officially Missing You,Tamia,spotify:track:6g7xA2g7QIMwp4CKXnGVUa
Saturday Mornings,Cordae,spotify:track:2dk1fsLg7YEsKJdVm4P5cu
I Want You Around,Snoh Aalegra,spotify:track:2gjidmxtA1pyj2HYrdOTG1
Waves & Wavs,Ahmed Spins,spotify:track:1D7PE3dDyonJfUP6oSuaq7
How Deep Is Your Love,sunset groove,spotify:track:5adHN5gLowVCdAycwQiB92
Killi,Nomis (FR),spotify:track:7gnC9N4yNrmcIybrgZqubi
Nothing On Me,Maz,spotify:track:1Rh8OSTma2g6BdfBYXiTrq
Milkshake 20,Kelis,spotify:track:49wEdWGkL2CcOrXEKklXtJ
Alegria,ARYMÉ,spotify:track:6THD0HpXvLeHy8kdiK4NQg
The Boy Is Mine,James Mac,spotify:track:1aRd5tMVhiRyMJLmSOg2IF
Lua,JEWELS,spotify:track:4o6ZNOuKd8l1fDeQy94If0
Wish I Never Met You,Tory Lanez,spotify:track:7MOjhqpSpGkeRyT4agpg12
It's Not Right,Gianni Romano,spotify:track:4W3eLpTRL18ulWgCXMFbNm
Mi Casa,2fox,spotify:track:1TVeCLmOhfvBm68Okc6xmo
Messiah,DJ Tomer,spotify:track:7y7rapup0WvtynVvkBa4dA
Voyage Voyage,Francis Mercier,spotify:track:5vKKfaYOmxAC3973l5y2sU
Houdini,Dua Lipa,spotify:track:6D8y7Bck8h11byRY88Pt2z
Amore,Calussa,spotify:track:3LvAMGMQt0GEPSBrDFxkRB
Dana Dana,AVÖ,spotify:track:6QMUjJ6U90lSwC6wjzH5jP
Rayarah,Alex Wann,spotify:track:2LY4APQTU8whKRQ8jQPSZG
Kamili,Francis Mercier,spotify:track:5JEaCJCehAtt1nQf0gd9Dx
Fletcher's Song In Club,Justin Hurwitz,spotify:track:0ZFortLKtHTKy7YtuJiubt
Abide,Abdullah Ibrahim,spotify:track:3CZCDrxahCPcm6ixbLaGOX
Cloudland,Lars Danielsson,spotify:track:32GV4ifruoiDEoLVe0c1k7
Stars Fell On Alabama,Joey Calderazzo,spotify:track:46ZZKItcaZ0TRLFhdFiLBy
Look for the Silver Lining,Brad Mehldau,spotify:track:3rkH0jO59ImwjYsKTEQ2XS
Feelings,Joe Pass,spotify:track:6P5CazeCpw0AEj8WfPi5Kb
I Fall in Love Too Easily,Alan Broadbent Trio,spotify:track:3VW502fIs1JiMcj6xBvz3n
Celebrity Skin,Hole,spotify:track:2V4Bc2I962j7acQj1N0PiQ
All I Do Is Think of You,Troop,spotify:track:4XhrowM5IKGCRrY2HzYBH3
Mash,J Dilla,spotify:track:0LUrVZU02VWXqOD9UZaZ6t
Workinonit,J Dilla,spotify:track:33T6ABvdB3P2iYOWJnBjsQ
Reckless Driving,J Dilla,spotify:track:4cPheq1OYPfvNb5Sl0nzld
I Don't Know,Slum Village,spotify:track:21NESPAlEpCZkeAG5sJDOy
Make Way,Ruger,spotify:track:6HGeYNFZe51bX0yYOXuvcO
Dance,Big Sean,spotify:track:11xXXexOh1NfoKuxnTUUwh
Offense,Big Sean,spotify:track:26vz4FXMIgRyGj2hxmzttd
Kundalini,Headhunterz,spotify:track:4Tw0PFB1wBhW5FW8gbCW2p
Dharma,Headhunterz,spotify:track:6wiQ1tAGxUsnbJXyjgXLel
A Day in Lisbon,maco marets,spotify:track:5bg26yD4brHMl1zjTKyYuf
Nanagatsu,HOTEL DONUTS,spotify:track:17GTBkTaCMn3qXgwsPhJVf
Oh Boy,Cam'ron,spotify:track:4X1odWLrLSSahaK6Hi15AA
Worst Comes to Worst,Dilated Peoples,spotify:track:7aSnPAggMMgElb6BgXeSEw
24,Money Man,spotify:track:0xUvi7wldroBzaZCengPa5
Til the Neon's Gone,Josh Mirenda,spotify:track:0w627PGdQpAIs129dufxSV
Wasurerareta Big Wave,Southern All Stars,spotify:track:4sFCavZvj7CL8pYFePiydQ
U Can't Touch This,MC Hammer,spotify:track:1B75hgRqe7A4fwee3g3Wmu
Here Comes the Hammer,MC Hammer,spotify:track:4yjM4lHNqVOaLwuD2TAThH
Help the Children,MC Hammer,spotify:track:3UfNb3iQgIQO5SJ97BYirF
Bang a Gong,T. Rex,spotify:track:0tK1Ya57nOsgD0nGndjpdI
Metal Guru,T. Rex,spotify:track:3LTvQkgoDC7ENm78paTyzd
Children of the Revolution,T. Rex,spotify:track:3ZxZE1hcCf5iNyFEiVhgU4
Hot Love,T. Rex,spotify:track:4R5qHNB2gdxBM2LDNaJZeO
Telegram Sam,T. Rex,spotify:track:3iotcf8cLdtrYPcPIhfcHB
Zip Gun Boogie,T. Rex,spotify:track:5yHI4KFLxMcssJZnHcq4B7
Dandy In the Underworld,T. Rex,spotify:track:1H60NPzZfCnxyOmJxTFYOD
Ziggy Stardust,David Bowie,spotify:track:5IyL3XOaRPpTgxVjRIAxXU
"""Heroes""",David Bowie,spotify:track:7Jh1bpe76CNTCgdgAdBw4Z
Rebel Rebel,David Bowie,spotify:track:2EC9IJj7g0mN1Q5VrZkiYY
Ashes to Ashes,David Bowie,spotify:track:37CRPk0L5ZpfPeePEPwE0t
The Man Who Sold the World,David Bowie,spotify:track:4mWahKerLaVddUjb8d1Q4Q
All the Young Dudes,David Bowie,spotify:track:1ZSzn5NIFQ6okGK5Ka4eLr
Ice Ice Baby,Vanilla Ice,spotify:track:3XVozq1aeqsJwpXrEZrDJ9
Lust for Life,Iggy Pop,spotify:track:21YxK0klhpfLW8budkJaMF
Welcome to the Jungle,Guns N' Roses,spotify:track:0G21yYKMZoHa30cYVi1iA8
Might Just,SWEET REVENGE,spotify:track:5jpqBCPxF6Y7xb5G43Oj9J
Angel,Aretha Franklin,spotify:track:5TICk0rfgLn67MEIHWjur2
I'm In Love,Ginuwine,spotify:track:7vOif8UTQsIV3zhok3MO4T
Dreamin' of You,hokuto,spotify:track:090uLMuAMfPejrGevb9Of8
Yumenotsuduki,Evisbeats,spotify:track:5txOothISqBpLOEQ0K1wFv
In This Darkness,Clara La San,spotify:track:0bmVH05tjN9jVh3kB1TfpR
White Ferrari,Frank Ocean,spotify:track:2LMkwUfqC6S6s6qDVlEuzV
2 Face,NORIKIYO,spotify:track:0XnDPjVQ3VGl821eJNoRjz
Takes One To Know One,The Beaches,spotify:track:7Jc79lucvYoqo3YA44EG8f
Vendetta,Petit Brabancon,spotify:track:4gW308SNxhm1lYDdegnrkj
Random numbers,Adotty trappinati,spotify:track:733UP4NlxGy4Pb2Mz96TBE
It Is What It Is,R2R Moe,spotify:track:6MRah6Qhh5Vr3RkSNrkyFj
BANG YOUR HEAD,Devin Malik,spotify:track:7u6J1agNGrSBvAByZRQu3J
No Light No Shadow,JAGGLA,spotify:track:45V5FU7xNCsmGBNXuhK9FM
Nemurenu Yoru,Off Course,spotify:track:509FRNgyu3lzpble8SheRF
Doja,Central Cee,spotify:track:3LtpKP5abr2qqjunvjlX5i
Turn Blue,Iggy Pop,spotify:track:71PBcyiD7v41DW2cwxD8uk
BODYGUARD!,JPEGMAFIA,spotify:track:2COpCHmdoG0mhV3D3NA2tD
Kuroi Mori No Tabibito,9mm Parabellum Bullet,spotify:track:05pExbdMIpnykuPXe6Ort4
Wild West Mustang,9mm Parabellum Bullet,spotify:track:50h3O3505CjQbQs6ToGnGJ
Heart Ni Hi Wo Tsukete,9mm Parabellum Bullet,spotify:track:4NxqB3X26pbzyouGzPYbSG
Bugatti,Ace Hood,spotify:track:08ljt6NCNAgewQaMya1URa
Songbird,Oasis,spotify:track:3tZpjDAfrttpnI1rEwQVrC
One Night Only,Sonder,spotify:track:74fQgHleHZ4V7Gm1XYcGkj
Rondo,KID FRESINO,spotify:track:4El6KySj1S0mkEc0FA5lZC
You Know How We Do It,Ice Cube,spotify:track:2Ih217RCGAmyQR68Nn7Cqo
Ronald,Falling In Reverse,spotify:track:2eKoPnGnuHqIpfph45z44W
Death or Glory,The Clash,spotify:track:3lUVy400HL94NB03paDTyN
Peg,Steely Dan,spotify:track:5emxp4RqsF6QoAWXW2Afrk
With or Without You,U2,spotify:track:6ADSaE87h8Y3lccZlBJdXH
Vertigo,U2,spotify:track:1gVVSmhWjci8l9Vrsl6HaS
Crazy Train,Ozzy Osbourne,spotify:track:7ACxUo21jtTHzy7ZEV56vU
Iron Man,Black Sabbath,spotify:track:755bvJDSA3LNcNuFgBT9LK
Sex On Fire,Kings of Leon,spotify:track:0ntQJM78wzOLVeCUAW7Y45
The Zephyr Song,Red Hot Chili Peppers,spotify:track:1ndGB6rvxKYN9seCYO1dTF
Universally Speaking,Red Hot Chili Peppers,spotify:track:39badcyKTjOtBvv4aywpfs
Give It Away,Red Hot Chili Peppers,spotify:track:0uppYCG86ajpV2hSR3dJJ0
Scar Tissue,Red Hot Chili Peppers,spotify:track:1G391cbiT3v3Cywg8T7DM1
Bye Bye,L'Arc〜en〜Ciel,spotify:track:0z5vSy5v8ini7GhgVHzPef
Who Cares,Pomplamoose,spotify:track:7lyWjlF5wNfU65jb19XV29
I Want You Around,Snoh Aalegra,spotify:track:2gjidmxtA1pyj2HYrdOTG1
Kimi to Miru Kaze no Yukue,Matenrou Opera,spotify:track:5XB3fRL4LQX3P4EmDcby5u
Soul's Refrain,Yoko Takahashi,spotify:track:1NrzI6zJMDJLXTfxRFzGwX
Jiyuu No Tsubasa,Linked Horizon,spotify:track:0l6uRRIDPNw3OsmqCYkmvi
Melissa,Porno Graffitti,spotify:track:1c7alUM5wJn6O0rG3Gio7I
READY STEADY GO,L'Arc〜en〜Ciel,spotify:track:18Z9odGzO4WPtF4FUJzre9
Link,L'Arc〜en〜Ciel,spotify:track:1IYVKu7GjfaaglGaYk9OMT
Distant Dreamer,Duffy,spotify:track:0czRI0qwOQDe1tIIrsvkaK
Bloody Stream,Coda,spotify:track:3qzkfEqjbRJ2kWyT6uebt8
Stand Proud,Jin Hashimoto,spotify:track:1YTW2IiSDH0buMd07A5Nnw
Roundabout,Yes,spotify:track:466C6kwoJHLUJ8VHG98hCY
Walk Like an Egyptian,The Bangles,spotify:track:3BGbqEDio3ocx1v4egIYr6
Last Train Home,Pat Metheny Group,spotify:track:0Rr5Lw09CzqcchhsH0Pmhs
Freek'n You,Jodeci,spotify:track:43sNw9nvGYGLYnNiwI8oMZ
In My Eyez,KEIJU,spotify:track:5Zyhvst9XXg44YpaiTbQ2f
maybe love u,Elle Teresa,spotify:track:6f5nnStq6R5EU1KmdhfOWI
Journey through the Decade,GACKT,spotify:track:4QduQ7sBymZsQK5ULhxeXR
Anna Benette,Mellow,spotify:track:0uNyxK5ofrrPSHZLARzpYt
John and Yoko,Kohh,spotify:track:4FUAwiFU6gAFZatkfX3BkN
Lifestyle,Nehan Yutaka,spotify:track:63dt1W1oFLssyDMhLeuwaV
Real,DJ SCRATCH NICE,spotify:track:04aHnmneSsJlIXfn3osWsi
Update,Serllin,spotify:track:7xzrV6VH3nGDoDFHyav3uO
Long Way,Blxst,spotify:track:3MSUrhsf4DkVKgucQm2B49
HOODLUMZ,Denzel Curry,spotify:track:6GkAi85HSZGqJwzYC2qXyI
Stubborn,Victony,spotify:track:6l7opVclJEHReImCPkMc5o
Borderline,Boj,spotify:track:0tv0rkKC3Sw52JbgE4IOr3
Paper Planes,M.I.A.,spotify:track:3wnwq6OjbXRkmPaXy5blR6
Animals,Martin Garrix,spotify:track:0A9mHc7oYUoCECqByV8cQR
Please Don't Stay,Marvin Gaye,spotify:track:3bJhVduzDlXCrWYNfZSMGO
Blood & Fire,DJ Neptune,spotify:track:7iPifzbPniUsCJkfIU6UbO
Tear Rubber,DJ Neptune,spotify:track:2zuuHnZtMwNNm99yp9Yj0s
Rolling,DJ Neptune,spotify:track:6gjqR8moxGm55jzMMQoTqt
Shawa Shawa,DJ Neptune,spotify:track:3AiMDZghQG7OdTKHzQ3Rhg
Friday,DJ Neptune,spotify:track:7iXRMAQqsDLerf7wAxWDKm
Wait,DJ Neptune,spotify:track:58tW4uUDZpzZZvs0dGhYnl
Do Like I Do,DJ Neptune,spotify:track:6WBOJj2jZUm1ZE4NqC2gpU
Secret Agenda,DJ Neptune,spotify:track:0fSwvNhNGKKNRj4J3OUpXf
No Body,DJ Neptune,spotify:track:4lMSzKgLbkf5iOwXI6O8fu
In a Way,DJ Neptune,spotify:track:6tgdlpmj77DdfoWj3YLdDw
Rise Up,DJ Neptune,spotify:track:1kR2hEOMhjMf8aWi2T4jET
Do and Undo,DJ Neptune,spotify:track:1V17VLl9WdtSeOWOCR7gIy
Cupid,DJ Neptune,spotify:track:6yGdEDX4802NlpuWDiQlhO
For You,DJ Neptune,spotify:track:0mgTrUV2FcCOjEujgheLBi
Temptations,2Pac,spotify:track:1PU3Hy2uNXmWGDe9gh4Ukb
Romantic City,RYKEY,spotify:track:5r4lInz9hKRcFYSsFgAsLS
Summer '24,Benny the Butcher,spotify:track:3Wp1UmoY6tylOCi7SIfdLA
JUST COMMUNICATION,Two-Mix,spotify:track:5ivbm4oJtoxxR782EGVCK5
RHYTHM EMOTION,Two-Mix,spotify:track:6RBMAmE0Fw0HuzwkVMxkeY
LAST IMPRESSION,Two-Mix,spotify:track:3rQ2vDEvoVyjdbbIps9Vv4
ETERNAL WIND～Hohoemi wa Hikaru-Kaze no Naka～,Hiroko Moriguchi,spotify:track:17aPi5ECRAHKv1514TS5vK
Itsuka Sora ni Todoite,Megumi Shiina,spotify:track:61WgkO28Q8apYQeBIgXIpw
You Spin Me Round,Dead or Alive,spotify:track:1ChulFMnwxoD74Me8eX2TU
Turn Around and Count 2 Ten,Dead or Alive,spotify:track:2FG8KjMXHwVo1w1OzK2jn4
Take On Me,a-ha,spotify:track:2WfaOiMkCvy7F5fcp2zZ8L
Big In Japan,Alphaville,spotify:track:3BZGi1yUqQyCNC868AqUGG
Sweet Child O' Mine,Guns N' Roses,spotify:track:7snQQk1zcKl8gZ92AnueZW
Livin' On a Prayer,Bon Jovi,spotify:track:37ZJ0p5Jm13JPevGcx4SkF
Hungry Like the Wolf,Duran Duran,spotify:track:39lSeqnyjZJejRuaREfyLL
Personal Jesus,Depeche Mode,spotify:track:4UCTgh5jvtqoaMX6MAhUNn
Never Gonna Give You Up,Rick Astley,spotify:track:4PTG3Z6ehGkBFwjybzWkR8
Every Breath You Take,The Police,spotify:track:1JSTJqkT5qHq8MDJnJbRE1
Careless Whisper,George Michael,spotify:track:5ac3D4hNLW7NFhYFCThXgh
Billie Jean,Michael Jackson,spotify:track:7J1uxwnxfQLu4APicE5Rnj
Let's Dance,David Bowie,spotify:track:3ix6K4wZY29bCujrSznwFZ
She Drives Me Crazy,Fine Young Cannibals,spotify:track:4d6eqRtpDX7tydHJGDZUBQ
Rock With You,Michael Jackson,spotify:track:7oOOI85fVQvVnK5ynNMdW7
1999,Prince,spotify:track:2H7PHVdQ3mXqEHXcvclTB0
You Shook Me All Night Long,AC/DC,spotify:track:2SiXAy7TuUkycRVbbWDEpo
Karma Chameleon,Culture Club,spotify:track:2wSAWEYUHkt92X4SBAPqZE
END OF SORROW,LUNA SEA,spotify:track:7IQMDdGtbeslxQTspPFQRZ
Baby Love,The Supremes,spotify:track:5uES1C2NgkdrNHiCwf9jRr
PROMOTION,¥$,spotify:track:6bSfeCXlUaGa3eWCy5qPTb
Lifestyle!,Këlbz,spotify:track:1QAGujfxrECFmXJKB4MEV9
BOMB,¥$,spotify:track:2kgxyflhiicDbF8SDrBxqy
530,¥$,spotify:track:2tPNj9sUt3FbjEUqBzZazv
DEAD,¥$,spotify:track:488lIy4J0jJdPUiWqa0doB
Let's Get It On,Marvin Gaye,spotify:track:627teoJpK7qZOxRRY8TNnv
Ain't No Mountain High Enough,Marvin Gaye,spotify:track:7tqhbajSfrz2F7E1Z75ASX
For Once in My Life,Stevie Wonder,spotify:track:4kP69y3GKHi9tXckfgp4bK
All I Do Is Think About You,Tammi Terrell,spotify:track:41xksxMitE9ToNL33Tlcnn
The Last Time,The Rolling Stones,spotify:track:7foiOmd1Je7Z0D3TaZCDro
Easy,The Commodores,spotify:track:1JQ6Xm1JrvHfvAqhl5pwaA
Killing Me Softly With His Song,Roberta Flack,spotify:track:3gsCAGsWr6pUm1Vy7CPPob
Lovin' You,Minnie Riperton,spotify:track:3ebYtLVuV4HzEZUDcpZB9p
All In This Together,Pat Green,spotify:track:5AIKUVaLzfhe6FOb76lrO1
Alles Mama,GYM HARDSTYLEZ,spotify:track:5YlPfip4Zt27MI161pouUI
Isn't She Lovely,Stevie Wonder,spotify:track:3NlLmKBJozwoi0k03Feb1N
I Don't Want to Talk About It,Rod Stewart,spotify:track:2JWKzkQbYsNzx019WyGzaH
I Wish,L'Arc〜en〜Ciel,spotify:track:0cAu65IoQf27zJNYwcUfpl
By Your Side,Jadakiss,spotify:track:5aqngZ2nVJr7Yc0T9N5kgO
Nuh Ready Nuh Ready,Calvin Harris,spotify:track:2KQdxByLeH5HvuqG2MPbg7
Fall,Davido,spotify:track:1hEXElwyPez2z7m5dZ56Mc
Leaving Grapefruits,[Alexandros],spotify:track:25KPyYFtRu3ieQkz6ottgG
Hit Stick,Kodak Black,spotify:track:0tBESQdomKNyQQQk32nfA4
Supermassive Black Hole,Muse,spotify:track:3lPr8ghNDBLc2uZovNyLs9
Hysteria,Muse,spotify:track:0knbMPVHpFbsx38pLoYSRs
Starlight,Muse,spotify:track:3skn2lauGk7Dx6bVIt5DVj
Black Magic,The Amazons,spotify:track:4FUdspDZIbEUR8NM6uIgRa
Girls,jjj,spotify:track:5rW65wrTJHnLoVc2OUHKlW
Eye Splice,JJJ,spotify:track:5T9sIIIJjg0bUScrA4xWc5
Yacht,JJJ,spotify:track:3kZiUlWFKRXBVIi6uXhLrl
Vaquero!,jjj,spotify:track:6ybV4zCckcILkMNpN9jtAQ
Step Into The Arena,PUNPEE,spotify:track:21BKhmiFvF3BRkx8wlcdka
Go Get 'Em,jjj,spotify:track:7Cz5V97OcuFYgmplEZh2CQ
Bitter Dose,ISSUGI,spotify:track:1CHFZON5xUD6ydpXPHb6MI
Maktub,JJJ,spotify:track:5p1aq1f2cYcZ7sk4SeN9gn
Sayonarani Sayonara,Kaientai,spotify:track:484QMEcJmYvoV0QmJfSJaw
Tamashii no Refrain,Yoko Takahashi,spotify:track:1NrzI6zJMDJLXTfxRFzGwX
Soul's Refrain,MIYAVI,spotify:track:4eV930sY3t4FoJJj2BO8sX
House Of Balloons,The Weeknd,spotify:track:50iiDJGpAPdr2VTrz999XA
The Morning,The Weeknd,spotify:track:4jBfUB4kQJCWOrjGLQqhO0
Wicked Games,The Weeknd,spotify:track:6VwBbL8CzPiC4QV66ay7oR
The Party & The After Party,The Weeknd,spotify:track:0GROiXm03OrMC5ltXLhGIu
Coming Down,The Weeknd,spotify:track:3mHO1J6kfiArjBo1zhLFGP
Loft Music,The Weeknd,spotify:track:7xqANDRz8JFxkwfY65WISy
The Knowing,The Weeknd,spotify:track:6tjsbysvZh8Pq8DZA5ldrn
Lonely Star,The Weeknd,spotify:track:0ifooM33X1iBxVYyOkSbXW
Life Of The Party,The Weeknd,spotify:track:4yzaniwZb01bp0gT5BYwBv
"I'm Not A Trip, I'm A Journey",Hiroko Yamamura,spotify:track:7KhNuDlYnsbJyBnJ7udBIr
Steam Roller,Angel Alanis,spotify:track:6lgdNQPxXI2xxbqw35YEyu
Ride or Die,HI-LO,spotify:track:1Hy1NShxRRWEFS9xhCJL8T
#EndSars Riddim,Amazingsleek,spotify:track:1jGUoNPyY51lguDgJ8cpb9
NANI?,Jin Dogg,spotify:track:1y33kshjDNRnUoIKM7Cd8R
Bussin,SEEDA,spotify:track:2VisW3YCxXbi0ZwwPoBVvO
Michael Schumacher,Shurkn Pap,spotify:track:3mhkpWem93GHucQT09bID4
Strong,MIYAVI vs KREVA,spotify:track:3YkHwkQW16k1M3PRgIcago
"Jikoai, Jigajizan, Jiishikikajou",MIYAVI,spotify:track:48pUuTS2KYiPYn8MlnGlE0
"Please, Please, Please",MIYAVI,spotify:track:0a9NqtTClg2wgZnsT0yY1y
Dear My Love...,MIYAVI,spotify:track:7BkXCbUojUHCh0Zp84geHd
The Zone,The Weeknd,spotify:track:53qYItjefG5SUf62428dIw
Jet Mode,DJ CHARI,spotify:track:0hFONRG8IdrRoHuV1QgSm9
微炭酸シンドローム 阿部真央,KREVA,spotify:track:0b8hN4sTGIleT8oLQYIY8N
The Birds Pt. 1,The Weeknd,spotify:track:323ujVhfSg16TlRK0PB5JY
Rolling Stone,The Weeknd,spotify:track:4vz3UReBbxyPuVqgIjTCeA
Heaven Or Las Vegas,The Weeknd,spotify:track:5JQ5Acrgv1VrO9UtMUN052
D.D.,The Weeknd,spotify:track:7eZ7ODAt9cALYnWLO8F6Fd
Montreal,The Weeknd,spotify:track:0UGdO687azruy9tFlCxO6F
Outside,The Weeknd,spotify:track:58yC1Q6XKjmHeWkEWh9O6B
XO,The Weeknd,spotify:track:0Hs5enNuaAXmJssAybWbOw
Initiation,The Weeknd,spotify:track:7qdfBIElGNUtPijoxJ1mMl
Same Old Song,The Weeknd,spotify:track:37zSTGaP8bfBDGpJnUmSDl
Next,The Weeknd,spotify:track:6pG3yiKNsX03ZFTFWdOasv
Joint,RIP SLYME,spotify:track:7gc6Jzy3aF5euESzOCnpNf
I Was Never There,The Weeknd,spotify:track:1cKHdTo9u0ZymJdPGSh6nq
Living For the City,Stevie Wonder,spotify:track:1O1mCVN5hue4lOOqd5EysZ
Metaverse,Olamide,spotify:track:0WeU5EfNFu1wmlmCdMNDEJ
Makaveli,Olamide,spotify:track:0DcYVT1TEb9FP9AKHgyrcb
Hello Habibi,Olamide,spotify:track:0CK6SBXMBAW2iTtlrdmutY
Morowore,Olamide,spotify:track:3W3y3pGDnfhUQHeCoUwFLe
Synchro System,Olamide,spotify:track:4OXlgrOv4FtLuMnuqsI69c
Way Back,Khaid,spotify:track:5rOGgvxkgMOn5ZhyLHLDFz
Visa,Reekado Banks,spotify:track:7o79e7ADyL2qdPUHMsosBi
Billions,Sarz,spotify:track:06KTlwAvk8ioxuSpHZISoc
Oghene,Bella Shmurda,spotify:track:1TGNfm1HCICFHIKM1DMmuL
IDK,Wizkid,spotify:track:5KV5UXd1uNZZafWTudrVft
Sacred Love,Maxino,spotify:track:1gesNjRTBJUozNjw8GvycF
STREET LOVE,YG,spotify:track:04EcSDiZryiwMqTgEJniCX
VIOLENCE,YG,spotify:track:5OsIBjmcAGMx2tQoWwVrKk
KOLORS,YG,spotify:track:1AX7l7WXfP0e7WfCSVQxPr
MY FAVORITE,YG,spotify:track:0lnHPQn99YC9uwTvC2OKS5
STUPID,YG,spotify:track:7wtUI2bKLWZ23GOmzMkU1Q
PUT IT IN MY HAND,YG,spotify:track:28RC0hmx7QN1wt7jBrblyI
Like a Stone,Audioslave,spotify:track:3YuaBvuZqcwN3CEAyyoaei
Brooklyn Bridge To Chorus,The Strokes,spotify:track:2mDYYGaGd9uXKkK2YhDA3i
Silvery Sometimes,The Smashing Pumpkins,spotify:track:0oCEQA7gByJXUvXztuF0ys
Thong Song,Sisqó,spotify:track:5Mmk2ii6laakqfeCT7OnVD
Because I Got High,Afroman,spotify:track:0rRboI6IRuGx56Dq3UdYY4
P.I.M.P.,50 Cent,spotify:track:3G0yz3DZn3lfraledmBCT0
Let's Get Blown,Snoop Dogg,spotify:track:0NdxbFFknA7kQ4E2zvJfey
Sacred Play Secret Place,matryoshka,spotify:track:5IJ1XPg1t3IAfhxfLRSuA9
My Affection,Summer Walker,spotify:track:2aSM4sbNN7cSmpYOG0sf46
Marcy Me,JAY-Z,spotify:track:5oynsOy80DnodTslgaj3cr
Life Style,SALU,spotify:track:1lbQrLNQ4VD30402YvvUz5
my money long,KAN a.k.a. GAMI,spotify:track:0HxZafCtF3RNACPuSVlxI5
Hikari to kage no machi,KAN a.k.a. GAMI,spotify:track:0RajeAvBO6iUM9CnKOt5gU
Diet Coke,Pusha T,spotify:track:2qDTVDLjK4PctCvC8Mg19x
Just So You Remember,Pusha T,spotify:track:6XC3zX8dEiFTpd2hPpOA9y
Game Recognize Game,JT the Bigga Figga,spotify:track:27DKRr8HnNNKVYEc2DHnmA
Labyrinth,MONDO GROSSO,spotify:track:6AzSMF56Bce1YCaizQpzWH
False Sympathy,MONDO GROSSO,spotify:track:6wrXS2Crw9qIEJcPyYZQa6
Seasons,Jonathan Carney,spotify:track:5KXyuvDIqg0IN1IQqbD1iK
Itoshii Hito e Sasagu Uta,Keisuke Kuwata,spotify:track:4CbyCNy3eiNynTXvaTUgrx
Arizona,Lojay,spotify:track:3SA6Rfor4ghxWbyxxdpV3c
Nothing Compares 2 U,Sinéad O'Connor,spotify:track:5GHY1DFWKz3Prg2V0Iodqo
First Class,Jack Harlow,spotify:track:0wHFktze2PHC5jDt3B17DC
Feel,che,spotify:track:4NBTZtAt1F13VvlSKe6KTl
Cardigan,Don Toliver,spotify:track:0Li1OuXXfi7950ilZUFGkF
Yakusokuno Kisetsu,The Gospellers,spotify:track:3PlP2ETwSTsAYZcYF7yUHP
Towani,The Gospellers,spotify:track:4tOr75aGZiaAWraI3GJMBa
Hitori,The Gospellers,spotify:track:7va7Eqmt6UefnJpDMYJE8z
One More Day,The Gospellers,spotify:track:1LCkiEsLuHKKK92FBgHt4J
"Right on, Babe",The Gospellers,spotify:track:6aTwVxJBJ28cxDA22OWCyW
Number One,Pharrell Williams,spotify:track:3r4U9UpHaFurMtq1oCZoAp
Streiht Up Menace,MC Eiht,spotify:track:4FhUkIkE5lPHEMgVYA9lBp
Together Forever,Big Sean,spotify:track:38W7Dc1FqHiYgqWpoxrBd1
Raise The Red Flag,Marilyn Manson,spotify:track:6HoG86o30Of44nHXj1g9KT
Push Ups,Drake,spotify:track:3eh51r6rFWAlGQRlHx9QnQ
to U,Salyu,spotify:track:0iaU3UiHGZG2l6wLTrn14W
Kyrie・Awaremino sannka,Kyrie,spotify:track:2lyFs3iMvfNi6bfHi3mJKj
Yubikiri,Yo Hitoto,spotify:track:2oq9197g5NdkJYfAc9NS8n
Eien,Mr.Children,spotify:track:7oCZ1O1L4TuLRnmt8Io4IU
Man & Woman,My Little Lover,spotify:track:6Fq6iFSbDHflhwj2GwAX74
Konayuki,Remioromen,spotify:track:1Vimcaq6kgTq6xgHSnr4pS
Pink Lemonade,LeoStayTrill,spotify:track:4Pt80KvnL6e8DCd9QVx7Ht
wassup wya,Cash Cobain,spotify:track:2mQdX8erPEzvoLqAaMd1UI
me n payroll,Cash Cobain,spotify:track:5BSeEICeWNQMrjAoZpkhJ5
act like,Cash Cobain,spotify:track:3P3PONWYGlQWSu3rd4wGIl
candle,Cash Cobain,spotify:track:6mmEgw9nFG1qomqiMeggaG
some shit,Cash Cobain,spotify:track:1Gzvq3LT4ZaU5HzzccdkUs
Vertigo,The Alchemist,spotify:track:7BbppQIMIrxOkJIfdM4syU
Phil Drummond,The Alchemist,spotify:track:0MZPezONUuxbQZGsWeFWra
Till The Angels Come,Domo Genesis,spotify:track:4UlrlRkFZtVJCIocWLJxy3
Drugs Got Me Spiritual,Domo Genesis,spotify:track:3OTXcO3d67oVYbj3wo4VrN
Johnny P's Caddy,Benny the Butcher,spotify:track:59ClUavkkfRhryajZBn2Lf
One Verse Butch,Benny the Butcher,spotify:track:16uMpnprn7dUcSr64Y0CGY
GANG GANG,JACKBOYS,spotify:track:6uJONCdr2rC65BNmCnTBWK
HAD ENOUGH,Don Toliver,spotify:track:6SPgp2qK3fb4wPX1SldrNf
OUT WEST,JACKBOYS,spotify:track:6gi6y1xwmVszDWkUqab1qw
WHAT TO DO?,JACKBOYS,spotify:track:4AO1XhrgJczQ9bNVxdfKQe
GATTI,JACKBOYS,spotify:track:40mjsnRjCpycdUw3xhS20g
NO BYSTANDERS,Travis Scott,spotify:track:6OaVWaGfhXn70ZJfdVcabn
SKELETONS,Travis Scott,spotify:track:6NMtzpDQBTOfJwMzgMX0zl
WAKE UP,Travis Scott,spotify:track:20MuVazoNMv6xjKPnRFOxG
BUTTERFLY EFFECT,Travis Scott,spotify:track:2cYqizR4lgvp4Qu6IQ3qGN
Black & Chinese,HUNCHO JACK,spotify:track:628Ueb4sRiXApObhcU9iPU
Saint,HUNCHO JACK,spotify:track:7foypmc7KZyU716Yv63BPe
How U Feel,HUNCHO JACK,spotify:track:7CWiWkccuRRdrmaW6AjVEf
way back,Travis Scott,spotify:track:2Zy7XVdxyZQB8xp5xbpJdl
goosebumps,Travis Scott,spotify:track:6gBFPUFcJLzWGx4lenP6h2
first take,Travis Scott,spotify:track:6wwruKU956ldDyz55DZTt1
guidance,Travis Scott,spotify:track:2c2csx4OTYtbkzvbSTXlGY
Aserejé,Las Ketchup,spotify:track:6UEfyhyfhYQsyipxOd95Ie
BABY I'M BACK,The Kid LAROI,spotify:track:5kDgJffgJ0lYHTSiaXFWNw
Downfall,Lil Durk,spotify:track:5lyQT8byPFFBHk1cvHVA9g
Hot Shit,Cardi B,spotify:track:3uJFmluXzYedoJcvhpC1AW
Crazy Story,King Von,spotify:track:23TwR29GSeJBfXnXhmDlwR
Hold Up Hold Up Hold Up,Young Dolph,spotify:track:0Hhn2oi65aQ8OD9MVuJJvV
full service,Chow Lee,spotify:track:2B3P4IU9d77KZWpAv6cjQj
SNA!,Chow Lee,spotify:track:2fSad0CA0zitpRWsZWKvwq
ms.beautiful V,Chow Lee,spotify:track:2u0I3ZqpAoj59pfYAfFyTs
Better With Age,King Beamo,spotify:track:0NKGdb4sjpujQoDEZ9Ij8G
Suzy,Gabe 'Nandez,spotify:track:1t4pvVGHUO9tcibojjmulv
Daylight,Drake,spotify:track:4ZT0wGKwlJRjpMUuwZVy3p
ASOBI,YUTO,spotify:track:0bETrMSMdkF1v2TJsyGWTk
Whoomp! There It Is,Tag Team,spotify:track:3oWXoSkjdbTlQlteizN7Hb
Baby Got Back,Sir Mix-A-Lot,spotify:track:1SAkL1mYNJlaqnBQxVZrRl
Tenbyouno Uta,Mrs. GREEN APPLE,spotify:track:1sIIlVrnPhrvmTrHtzM7tV
Catch the Rainbow,Rainbow,spotify:track:7FtRUrOEDUHTvenvp1BqZo
Hold You Down,The Alchemist,spotify:track:1796VCnR3wCjQ7vXhZx36g
One Way Flight,Benny the Butcher,spotify:track:03jnWnj2qOrYofsyCTuHC6
6AM Thoughts,NAV,spotify:track:4l4gr5KjRl1msqINS47y20
Wick Man,Drake,spotify:track:3TDTfJarTsRXCd8lITkTRv
Burgundy,Earl Sweatshirt,spotify:track:43tVqovviXhkmOV5LOkTn7
Looking Back On Love,Lenny Kravitz,spotify:track:5m2fCoiEon94rzW4q21Ig5
Blinded By the Lights,The Streets,spotify:track:6DoenX36UcAKSp6wR9UKxM
Morning Glory,Oasis,spotify:track:5uhKHittCEU69xbCNzfTR9
Thug Muzik,Mobb Deep,spotify:track:1U5qqEm2St0V1TfCYvmdu4
Uproar,Lil Wayne,spotify:track:3wScL5W8H40zzCKN0atfBk
Millidelphia,Meek Mill,spotify:track:1dQ84P0W0lOckT02lPEhhP
Willie Lloyd,Curren$y,spotify:track:0iwOtdhPYur2MuGMsTbVqn
Back For Good,McAlmont,spotify:track:0rQnXPtdap6RwegYonS0kp
Yoshinoya,Childish Gambino,spotify:track:2pNYM3OcS7WdCW13TuhMeK
Motorcycle Emptiness,Manic Street Preachers,spotify:track:5ibELGcXGqX5x9TWFeNPxY
I'm God,Lil B,spotify:track:613KmeuXIuqBM0plNinzUh
Star,702,spotify:track:1FhagjsmYU1nJg8rsnObnI
Tailor Swif,A$AP Rocky,spotify:track:5xMjhZKSo8yh5r9b5vrYRr
God Is Perfect,Freddie Gibbs,spotify:track:5V9lnDn1hePoudMfKfCTNl
Scottie Beam,Freddie Gibbs,spotify:track:15NQ3x1f2GUhqs8oBXhTqp
Hello Goodbye,Aobouzu,spotify:track:14Dg7awfOeSjxS4jiHWkBX
1 Scale,Young Dolph,spotify:track:5gmkw2031VVIboYqPIjSWB
1 Hell of a Life,Young Dolph,spotify:track:3DV3fcJ1Cgc5lVAdvw73Kx
Water on Water on Water,Young Dolph,spotify:track:5YGhm6pI5s0uxJ2DwrDYqO
On the River,Young Dolph,spotify:track:5QbzvnhnS0CZMHjFGIwfHd
Pusher,Said,spotify:track:0sypLC6nWbUIB3Pgnzrh5f
Zug vor dem Flug,Dennis Da Menace,spotify:track:1iwkPgeE6pJYIk2OOrlJye
Bombay Leanin',Brenk Sinatra,spotify:track:30qkA09qh5LY54NUcrdch9
On Read,Donna Savage,spotify:track:70qdjjlJ1XCSCw7r6E2WU5
Simple Life,Donna Savage,spotify:track:6vqCkxMV3lauA4LDNDAbV3
Kanack,Coup,spotify:track:1QAvz1VWNFbZeRWSCFyew2
It’s Up,Drake,spotify:track:1qIwin7JMVuX70qN6wD8ww
Circadian Rhythm,Drake,spotify:track:1eroCliWpJrEu1V7VSObcO
Housekeeping Knows,Drake,spotify:track:3YPEtDvQWStCH8eCq0Fl8Z
Versace,Migos,spotify:track:0XGLsSU6wtfnKXiMNvQr61
Whip Appeal,Gucci Mane,spotify:track:4iymskvl3kARXZotfjeLeo
What It Is,Gorilla Zoe,spotify:track:34XCCcKXFVVPZVv4kzlF3x
Bruh Bruh,Plies,spotify:track:2qvd5TYpGE0OuMvEBUjFVE
Bad,Lil Scrappy,spotify:track:3b9SovBSHKxfAFgM9U0uOJ
Ridiculous,DJ Drama,spotify:track:6NGIGRoI3eLVEJq0ezRTRB
Papers,USHER,spotify:track:77fP7UixHMYEIFT8NS92Ul
Diamonds,Young Thug,spotify:track:7uZqvqXzzYMKrexKxdcGmd
I Miss You,Harold Melvin,spotify:track:5y0yvFr9dAsT1ycNUYSRPl
If You Don't Know Me by Now,Harold Melvin,spotify:track:3NElqDNNnzvWYOwsbxLQKN
If You Don't Know Me By Now,Simply Red,spotify:track:7DFawVSjI88xR9mjnWwURg
Invincible,Pop Smoke,spotify:track:792HwhrdO3ErRKL5yRe4Ge
Shake the Room,Pop Smoke,spotify:track:7rSnKi58HPIVC0FVyh04Q1
Porn Star,T.I.,spotify:track:0RIbvBWoZXswtgw8lcy7Md
Bring Em Out,T.I.,spotify:track:3CcvahnsiArpTHYQEWV2Au
Rollout,Ludacris,spotify:track:4SyadrABZJIjeND1HPJS31
Flex,Rich Homie Quan,spotify:track:4T0ScSPdQKmGvruK7pavNP
Hood N****,Gorilla Zoe,spotify:track:323Tzd2yjV4pifrVAajafb
Foreva,Young Dolph,spotify:track:23nOXuK95DPOiO62Ixgzza
Gelato,Young Dolph,spotify:track:5qHAeYX4zE8jARfqlK5Oe0
Fuck It,Young Dolph,spotify:track:50lOvJmUACTRJDxU62o5f6
Royalty,Young Dolph,spotify:track:7hABI1LTG3KXe131AzTfvk
Get Paid,Young Dolph,spotify:track:2bXzzN93VfUc36DbeWB312
That's How I Feel,Young Dolph,spotify:track:3ZV6NyR3mb8rxmv6NQQRbo
Point Across,Young Dolph,spotify:track:3cRZD2Kih52tEI1YuFPgKv
Believe Me,Young Dolph,spotify:track:60TBexDmR2bezC33mXKpxv
Nightmares Of The Bottom,Lil Wayne,spotify:track:26rzYxyfEcuAfga8ZtPt64
Turn Off the Lights,Teddy Pendergrass,spotify:track:47nJdvSobIGBYdN7y2caLM
Close the Door,Teddy Pendergrass,spotify:track:53m3UkzcaQVbB2DENsrJiK
My Favorite Things,John Coltrane,spotify:track:3ZikLQCnH3SIswlGENBcKe
My Foolish Heart,Bill Evans Trio,spotify:track:6yKkA8HzwWTZ5taIMaG4Nm
Someday My Prince Will Come,Miles Davis Sextet,spotify:track:1UvHRj6fCzG97Ihy9FqQbl
Dance with My Father,Luther Vandross,spotify:track:7snmvZMLdGGk3l9PcvoYSM
Endless Love,Luther Vandross,spotify:track:7IljDTNkQEyy77CcaRbiAj
A House Is Not a Home,Luther Vandross,spotify:track:4gFVTfg1EFuuXJguJe1Z7W
6 Foot 7 Foot,Lil Wayne,spotify:track:5Qy6a5KzM4XlRxsNcGYhgH
Mirror,Lil Wayne,spotify:track:5hUYsaOyMY32yjRXeuQwGj
President Carter,Lil Wayne,spotify:track:15WOWZpw9YnE4RQQnXHQqW
Tunnel Vision,Kodak Black,spotify:track:4Q3N4Ct4zCuIHuZ65E3BD4
Too Many Years,Kodak Black,spotify:track:7KyTq7H5f3Oavmuo9TX6QK
Racks,YC,spotify:track:2n8lekNlZSQzbyuQedd4Dx
Bia' Bia',Chyna Whyte,spotify:track:5s992kwS2vr9SgrQsBootT
Pretty Boy Swag,Soulja Boy Tell 'Em,spotify:track:6sQH5GFuqhvemSdP2oOfRi
"Whatz Up, Whatz Up",Playa Poncho,spotify:track:7aDqVZOBmc5PPgBXHd4cUP
Hey Ya!,Outkast,spotify:track:2PpruBYCo4H7WOBJ7Q2EwM
Damn!,YoungBloodZ,spotify:track:5TpaWJKnuyA4MjzAbFXSTQ
Get Back Up,T.I.,spotify:track:0yJpq0T48tKm6YPfSx2qnu
That's All She Wrote,T.I.,spotify:track:6XAA7T9VHcqKQSzjmXAJ8o
Poppin Bottles,T.I.,spotify:track:2pwPtne9zCNTsyYZDLHxDf
I'm Illy,T.I.,spotify:track:3LlYzQfIX8f1SC57Ur9t6u
On Top of the World,T.I.,spotify:track:1Yp5r5ZtEBk0zPYok8yDHh
"What Up, What's Haapnin'?",T.I.,spotify:track:6ZNZkRYqSrPwISR63lC4bu
Type of Way,Rich Homie Quan,spotify:track:6nu35hLc8zsA9bwBpcuf5L
Daily Bread,Rich Homie Quan,spotify:track:2q8w0FVUapLrSuOMtZ5Evh
Can't Judge Her,Rich Homie Quan,spotify:track:6C9sDSzfYQidAZvD2pFU3t
Gamble,Rich Homie Quan,spotify:track:6LZLx6B97FDjUg89RIT44U
I F*ck Wit You Girl,Rich Homie Quan,spotify:track:2u2fseIt359oKZoq6TxM6C
Lifestyle,Rich Gang,spotify:track:7DTlsMOQjGysXHpwwpHuPl
4L,BAD HOP,spotify:track:3vlpUpYXJygq10pUUrtX1Y
High Land,BAD HOP,spotify:track:2Ge6tpzWlMT4Sgdkp7paVX
2018,BAD HOP,spotify:track:4CztjLzyAQ8lcyFePoWrta
So...Good Night,Acid Black Cherry,spotify:track:6SaDH0NqcAWLkBXaLyBCRj
Scar,Acid Black Cherry,spotify:track:4qVs6p5i5VRR4oc0uoO1FV
Stop Crying Your Heart Out,Oasis,spotify:track:0xGEN0oAi94hMAZf2GHutL
Breathless,Nick Cave,spotify:track:5zLMijos1HE94KApe0Bc8r
Tupelo,Nick Cave,spotify:track:6sv5baxzwawprwNC82PsAH
Completely Yours,Karen Clark Sheard,spotify:track:5BJwPMyYs89Hfh4x2u1SHL
God Will Make a Way,Don Moen,spotify:track:6tHCh1jUfM1utv6X2w5caO
I Am the God That Healeth Thee,Don Moen,spotify:track:1WlBc6LOChEz3UOousqaLL
I Offer My Life,Don Moen,spotify:track:37rdS9bf283vPI40AfYu43
Blessed Be the Name of the Lord,Don Moen,spotify:track:2eDmJ5OQB7gQnThZS6kqpd
ROMANCE,Janne Da Arc,spotify:track:3OLGsufRRtMKAEIkcQpGXi
BLACK JACK,Janne Da Arc,spotify:track:5jMs7deblPqg33OKXTtNSe
PRECIOUS...,LUNA SEA,spotify:track:4uWLY0VXgEjsWWTUa2led5
It Was a Good Day,Ice Cube,spotify:track:2qOm7ukLyHUXWyR4ZWLwxA
Get Light,Nas,spotify:track:3iuBfAec9qN2UylQv9NcKR
Bipolar,Jackboy,spotify:track:57Q5lLRtXgQKtRbfzT6PhO
Pressure,Jackboy,spotify:track:18C0OMcQh37EsWMCzMaget
Won't Understand,Jackboy,spotify:track:40K07WyXb7gJSB2bgbJPBC
Grimace,Jackboy,spotify:track:0LAXO4JrHVGhxyZDV8b0SS
Live and Learn,Jackboy,spotify:track:1l2B9MSxxP570fk7oRDwNk
Like a Million,Jackboy,spotify:track:1kA3DTGCwnnp8SUYkk6kuC
Think They Are,Jackboy,spotify:track:3KlDHOIOsa02BxePj2AD4c
Critical Condition,Jackboy,spotify:track:3ViyRR4HmK0LrFNazQjuiz
Angel,DOUBLE,spotify:track:2Zf7yVFmC72cIc8trmjaWL
HyperNova,m-flo,spotify:track:4sfpDjySpfUOkVqkmSUe2L
miss you,m-flo,spotify:track:260m9QWbSbcsDfV8kNJe5T
the Love Bug,m-flo,spotify:track:3JRlINdL0n6OlySVpn8cvy
Gee,Girls' Generation,spotify:track:0t7kjpVLgOYITrSfFCoBEA
LOVE.,Kendrick Lamar,spotify:track:6PGoSes0D9eUDeeAafB2As
Electro Man,Calvin Harris,spotify:track:1GwwX5LZ8N8bJZSHfOyytX
Body,A Boogie wit da Hoodie,spotify:track:0J0NdLdtshiKqIFSdB2Ipf
IT'S US,Nemzzz,spotify:track:7LwCqIMsKebFSsGX1eIqoS
I Only Have Eyes for You,The Flamingos,spotify:track:3YdKJzcoMZMacISlpY4QoP
Adore,Prince,spotify:track:1nXIZY6vOyQgXNtBnou1Ph
When You Were Mine,Prince,spotify:track:6Kbkge4WbvwWv1jVzSQsr8
Back to the City,Ratcliffe,spotify:track:2o2gkgenOgOs0j5xvr1JOJ
Lazy,Ratcliffe,spotify:track:04TQroMcdZtskUyiHzhrTh
Mindset,Ratcliffe,spotify:track:6tsOH3h7xA5SK4xyPVy9Nz
Ferraris In The Rain,The Alchemist,spotify:track:6dD6xEnhXhLWZTZAFVwmQK
Friend Of Mine,Jess Glynne,spotify:track:6amr2Sdv9yw7Y917GZToj9
Ooo La La La,Teena Marie,spotify:track:3lTEXatUG1GWFiDhWsrYAi
Super Freak,Rick James,spotify:track:2dCmGcEOQrMQhMMS8Vj7Ca
Big Shit Trouble,¥ellow Bucks,spotify:track:6LUKHueq84z2Naotru3Unz
Where Did You Go?,¥ellow Bucks,spotify:track:1DQwJ6sshmvobD9ai4OCiG
WTF,Hotboii,spotify:track:1V0j196qhKRCe3xBWmznVp
Heya to Y,平松愛理,spotify:track:2FLUvhhZm6i54LtIg4xv5K
Summer Nude,The Magokoro Brothers,spotify:track:7eNTFaExmnzkud4vCILtEm
Garden,sugar soul  Kenji,spotify:track:3Kd05sR04BY9jggm3fGMKV
Miki Piano,GLAY,spotify:track:2SkoPSDFQdCJwXktcDryvw
Okaeri,DOUBLE,spotify:track:7jTFeE3ui7jsPbHNJvdsqZ
Shape I'm In,Bobby Caldwell,spotify:track:6cnBhVanWCSVSUBscOtz5N
We're All Alone,高中正義,spotify:track:6DdG185ux6J0FX8mGcQMHj
Gettin' It On,Rick James,spotify:track:7i8WHhR3SXABSIc8bEC7Re
Doubt To Me,Evisbeats,spotify:track:1vTNfPCjg5o4WMp6o4Xwmf
You're the One for Me,The Edwards Generation,spotify:track:3jc86j0uL5hrsb3cFfMQob
Strange Things,DOUBLE,spotify:track:3bWpfAjDh9Rpszf8AkaN0w
We're All Free,Yumi Matsutoya,spotify:track:0jaXtfo9rxveUwCQhRVQnI
"It's a Man's, Man's, Man's World",James Brown,spotify:track:3SQ9Hb9rfpJ02AWfaOPhpy
mop,Gunna,spotify:track:49BbpJuVsX2wUl0Qo9aVvC
Champs Elysées,Toosii,spotify:track:2b7jU3d9AZAotfi0pvLaec
Sports,Viagra Boys,spotify:track:5aLD8CPaEu3Cj9ZcAqWWA6
Sultans of Swing,Dire Straits,spotify:track:37Tmv4NnfQeb0ZgUC4fOJj
KEHLANI,Jordan Adetunji,spotify:track:2hrycoFU1mZw6YPvMcn8yC
I JUST WANT TO BE THERE,febb as Young Mason,spotify:track:1yyl7GefeMpsJ8j8yHRV25
WINDY LADY,Moomin,spotify:track:1WJxLG6NDm9Lh6zzDxzpHj
Rainbow,PUSHIM,spotify:track:0ZCrRqhsl4ux5B7NJMyjDn
Forever,PUSHIM,spotify:track:1JkMJNsxxbbxqNUv2L54ZR
Back In My Arms Again,The Supremes,spotify:track:2WjW8DjQru6Ic4KvYDqLys
Little L,Jamiroquai,spotify:track:7hhclvecTpNxNNRCk7NUoc
Virtual Insanity,Jamiroquai,spotify:track:24SUWisv2lYQiB3bVpE1sn
Cloud 9,Jamiroquai,spotify:track:2kX4ykCwUeAVYv6fahnDfG
Are You Gonna Go My Way,Lenny Kravitz,spotify:track:45Ia1U4KtIjAPPU7Wv1Sea
PLUTOSKI,Future,spotify:track:2t4H61OtTYgmDe61KxkjKH
MEOW,MEOVV,spotify:track:5LlUJ3HHI2dS0xowdMDXC5
SOS,FIFTY FIFTY,spotify:track:3X76Lal4GwBFqriHz1FbLU
FOREVER,BABYMONSTER,spotify:track:7a6vvAM1cjAuyVQpqv9pmu
Wait,HYOLYN,spotify:track:564FztYymI6tdSy7hV8nYS
Boys&Girls,LM.C,spotify:track:6OK4ADmhFwlQ7RiKv0iNsE
Stumblin' In,Lone Tusker,spotify:track:4QECgFL34Co7AdI0YBz3VQ
Okay Okay,Lights,spotify:track:2ryUKjHhbRn2T7DmkT3nl1
TEFLON DON,Future,spotify:track:2jnezASa7o0lP6aif6VrIf
LIL DEMON,Future,spotify:track:3aCPResPDNae3pXTocGpYe
SKI,Future,spotify:track:6pf7fmrtYcA4WpqTksuh68
Can You Feel It,The Jacksons,spotify:track:0RAiBUgOC5pgFUHsldtix3
Charlemagne,Blossoms,spotify:track:7H5WVBQdSnJ1zmu8JoD6pg
Seasons,Future Islands,spotify:track:522YBf6WqBwJVAe7oHLymu
More Than This,10,spotify:track:5v6b9RUk83Z33shcsqt1m3
Casablanca,Dane Donohue,spotify:track:2dcL0moa4ZOrRNUBrOMojo
God's Plan,George Moir,spotify:track:2R0QwDcfbDfJkAzgk6eC6y
Carry Me Away,John Mayer,spotify:track:4Szq4dulKN9bOvLRW6uMdZ
Wherever You Will Go,The Calling,spotify:track:5QpaGzWp0hwB5faV8dkbAz
Flower,Clementine,spotify:track:2P5gbckwRC32QwuQoBNZkZ
The Greatest,Key Glock,spotify:track:0yiP9YTs4J4eQVU5Zc42QL
All My Life,Future,spotify:track:6J9ULUfgdVZfWnofbtLkfh
Die With A Smile,Lady Gaga,spotify:track:2plbrEY59IikOBgBGLjaoe
Calm Down,Busta Rhymes,spotify:track:72DuDVv06ZtKDceAlq40f2
south to west,Gunna,spotify:track:7rEUuRanwV9piOwwPKxPIM
Tears Dry On Their Own,Amy Winehouse,spotify:track:7MDfN1ldfTMtuXXdVz2Pzc
Send Down The Rain,Majek Fashek,spotify:track:1PrvvN6JMoIatNQYIVU5pS
93 'Til Infinity,Souls of Mischief,spotify:track:0PV1TFUMTBrDETzW6KQulB
Stumblin' In,Chris Norman,spotify:track:2Pzhx26KqgTTKnko0uC7F7
We're All Alone,Rita Coolidge,spotify:track:2QDnRMFfnes9DUWc6HgixI
Friend,Anzenchitai,spotify:track:2bUnd73Ro6ppNcA3QLp1BK
Orange,Anzenchitai,spotify:track:5wwTQ1IDXCBmTaOd0jncN1
Ame,Anzenchitai,spotify:track:0Hprd9u3QSj3mFhcnMtwMU
Bye Bye,Anzenchitai,spotify:track:0QpVvbeAvTWJSQaGxUHMK8
Kaze,Anzenchitai,spotify:track:2Ts1aLIfl8E3JxeoaCcC41
I'm In the Mood for Dancing,The Nolans,spotify:track:4aGVpNl4csfQ2W1i4Ao40q
You To Me Are Everything,The Real Thing,spotify:track:65kKvpTuhJAVxyFPlKuOAd
Genie In a Bottle,Christina Aguilera,spotify:track:11mwFrKvLXCbcVGNxffGyP
I Will Survive,Gloria Gaynor,spotify:track:6fw12s3vAJQAt7lbICodwC
Sugar Baby Love,The Rubettes,spotify:track:294ii3rwz6bTJ2XMn5BDu0
Live While We're Young,One Direction,spotify:track:6Vh03bkEfXqekWp7Y1UBRb
Whoops Now,Janet Jackson,spotify:track:6ZLKrubnzVwaC71Zv8IC62
There Must Be an Angel,Eurythmics,spotify:track:1YJ4vpxPL6Wgo8gmRnvqSp
Across 110th Street,Bobby Womack,spotify:track:2zyTP97uGsIc1C4KNNEkyn
True,Spandau Ballet,spotify:track:10I09MLZCY4pK37XxAfkw0
High Hopes,Frank Sinatra,spotify:track:68sTztCNUapkQL0nEKfrM5
You Make Me Feel So Young,Frank Sinatra,spotify:track:2WaYW84yWij5NSCpgSeU2R
Lift Me Up,Rihanna,spotify:track:35ovElsgyAtQwYPYnZJECg
Don't Cry,Octavian,spotify:track:0b19xCu8nTHePbjgSQx6hd
You Know I'm No Good,Amy Winehouse,spotify:track:0DMRKqrpd0QO4RWiEdMib0
Ou LaLa,DJ Neptune,spotify:track:2msCrATPZfgGUn4MWdnFlA
Dope Boy,Young Thug,spotify:track:2WxUBA3L7k2Af4kTVB6QeI
I CAN’T LET GO,Lil Tecca,spotify:track:1Ftb0PK0Qqwax3gofiMd2X
221,AKLO,spotify:track:3JFJiCuf6iygbyKKKn5Nhl
Even Score,Rich Homie Quan,spotify:track:3mmnnExzhdnzfMXwoydHfY
Dancing In The Flames,The Weeknd,spotify:track:7z7kvUQGwlC6iOl7vMuAr9
Timeless,The Weeknd,spotify:track:1Es7AUAhQvapIcoh3qMKDL
Boy You Got Me,Luch,spotify:track:5x7uCstXGVFFgEokfdIRFG
Bate Forte,Sasson (FR),spotify:track:5JtgGyGIt2gthKjO8YI7Es
Tornado Anthem,Bic,spotify:track:1NqN4NcbXbBUi3oQoDm0DQ
DO YO SHIT,Moneybagg Yo,spotify:track:1hgON5RjrZGMwcIJNkuwzj
Anthem Ndi Eze,Phyno,spotify:track:0NtcGqyWGsDKrp4DI5Sjh0
2 V 2,Jahi,spotify:track:5esS9XeTqMfKEeELS0TJKn
bye purity,Sheena Ringo,spotify:track:4hV2xCG0KxtOXhCEfmJmLC
Stripped,Depeche Mode,spotify:track:7zqgw3dMGegkAAICkM8ncf
A Question of Time,Depeche Mode,spotify:track:7l812LB02j5D8QTvpD6c8l
Suffer Well,Depeche Mode,spotify:track:1tG9Hnpx1kfsHmyafOl0pF
With You,Chris Brown,spotify:track:5Lgcn7u07bHuqbOtXkN62u
Feelin' It,JAY-Z,spotify:track:2lEuz5U4338FPZ3kh1hThb
BBL Drizzy,King Willonius,spotify:track:2WVBfZmnlHQY2kmyo67u71
Get the Strap,Uncle Murda,spotify:track:4FC2oIKWbXNOq6NThyFxSQ
One Way!,Autumn!,spotify:track:7hBdcBgzK0Adp6ahUg58Y2
Checkonechecktwo_,BexBlu,spotify:track:36Ce51BaHK5ANV2XDkHL7X
problem,Cash Cobain,spotify:track:62DOQC3exqebSVLWyN2mWa
Nagaremono,Tsuyoshi Nagabuchi,spotify:track:3njmCmgBJouheWhU3ZmeKc
N Dey Say,Nelly,spotify:track:3DVU8eD9u72LDGlPRV1v7P
Set Adrift On Memory Bliss,P.M. Dawn,spotify:track:1n00Xu0vbe6jUaR3df4hqX
Set Adrift on Memory Bliss,P.M. Dawn,spotify:track:1n00Xu0vbe6jUaR3df4hqX
You,Lloyd  Lil Wayne,spotify:track:5Y77SQxEr1eiofPeUTPHxM
BedRock,Young Money,spotify:track:3iL2l5gUqyPS6vDwJFgJTR
Moment 4 Life,Nicki Minaj,spotify:track:1ia019RqDK2o4QiANR1Dyn
Monster,Kanye West,spotify:track:1ZHYJ2Wwgxes4m8Ba88PeK
Adeline,Katie Koss,spotify:track:0xMF4mYFyJXUjJPo3tcO0J
Banking On Me,Gunna,spotify:track:7Fege3yv4dvehB3NdRBGwI
Juna,Clairo,spotify:track:2mWfVxEo4xZYDaz0v7hYrN
I Know the Way,RYKEY,spotify:track:7y2pDe5bkfSP3SU53v3z7z
Unconditional Love,2Pac,spotify:track:2boK2MX9CknrZyAQ8vlKHl
Hot Topic,Awich,spotify:track:3M2eHgQ41E0g9FhSbeMfgI
Hana to Ame,SEEDA,spotify:track:2bHqEcIRNZDqB1PiKWBRfz
Game,SEEDA,spotify:track:3ijUTNJcgGeMs6A0cSzgZo
"Nocturnes, Op. 9: No. 2 in E-Flat Major",Arthur Rubinstein,spotify:track:6wk9mQyuENTXkbWW4QECxI
Go Johnny Go!,ANARCHY,spotify:track:2VsmVzZu6wqnZn1TQEPAf2
K.I.N.G.,ANARCHY,spotify:track:1870tTl8dtJsGYZXJErlgc
Drawing Days,SPLAY,spotify:track:0bQHbsESHzl44BK9ls64oV
Second Edition,eyden,spotify:track:2Hib5IoFPBggh4IQp52ing
Honey,Raveena,spotify:track:6ohzjop0VYBRZ12ichlwg5
Mad over You,Runtown,spotify:track:1jloWdvMh9nwHUu3mag8CL
All My Life,K-Ci,spotify:track:5GorFaKkP2mLREQvhSblIg
It's A Slime,Young Thug,spotify:track:3HxYOwZZHZn5mC1drqPQqR
Ngowam,Kelvin Momo,spotify:track:1gndZIkGbPO28wfhE2qSgg
No.1,Tyla,spotify:track:3qeMtqV38UWPZfps7mPTUE
Kiss of Life,Sade,spotify:track:65krtHkaYLPr0mEbjL61UP
It Ain't My Fault,Silkk the Shocker,spotify:track:0EvsLFtgq2ToSaH8UXmPK0
Or What,NLE Choppa,spotify:track:3lUYO6zvXI88sNDpyKvIJ2
Daikoubutsu,Spitz,spotify:track:2SYpzPtYzpYjgIVHg3YpbT
Nameless,Lil Keed,spotify:track:4itETlhUWW6GFzYZwEL8do
Peek a Boo,Lil Yachty,spotify:track:1iTWoKAdilGEmit6xhQZje
Everyday We Lit,YFN Lucci,spotify:track:3J8Q6aBhjpvao8BsBQ6H9Y
In A Minute,Lil Baby,spotify:track:3ihIZrJreMJPjQdNLrEXnP
Self Employed,Lil Keed,spotify:track:0hJBZCVhe2822ZlTTLcBnh
Big Energy,Latto,spotify:track:4pi1G1x8tl9VfdD9bL3maT
SET IT OFF,Doe Boy,spotify:track:7bS2y45GZ47gyQL1bbZkPW
One By One,Central Cee,spotify:track:3desWYUkTBp3imvV6VkdXx
Fried,Future,spotify:track:28xOPIPw0joNPwYd0asIT5
Dear my ....,Janne Da Arc,spotify:track:0g3Rgjy6J2ldfq8j7oC8cb
Rap Saved Me,21 Savage,spotify:track:0tdCy39PgWN8LFWu34ORn3
My Choppa Hate N****s,21 Savage,spotify:track:2D2w9943rsnJOGCrI4aMQp
Broken Clocks,SZA,spotify:track:2fXwCWkh6YG5zU1IyvQrbs
Like Him,Tyler,spotify:track:6jbYpRPTEFl1HFKHk1IC0m
"Darling, I",Tyler,spotify:track:0VaeksJaXy5R1nvcTMh3Xk
Incendeia,MC Kevin O Chris,spotify:track:4m1mqQuy34Nzh0480VR364
Money Me a Look,Vybz Kartel,spotify:track:5oMS4zrQgC4BnjcidieSbT
TWIST & TURN,Popcaan,spotify:track:27g5G3TW90FSm3YxclYpAs
My League,Mavado,spotify:track:5yApENN4ND0vqfvpzFC56w
Gorilla,Little Simz,spotify:track:0pJO1tc1GpnxFyQp6Zp82r
712PM,Future,spotify:track:3FSwpQ9dBZBeBV6UdYHI2R
I'M DAT N****,Future,spotify:track:0AAVJIN4plafvmNKqRCltG
KEEP IT BURNIN,Future,spotify:track:7rWCWzPRftzZTZtIyQtaDU
FOR A NUT,Future,spotify:track:6egtB3hmrBOqVol9cU6rge
GOLD STACKS,Future,spotify:track:3dOlp9jd5eM4aIrGt37Otu
LOVE YOU BETTER,Future,spotify:track:4XJRpBOG0bU3Nxnvam3FnC
MASSAGING ME,Future,spotify:track:2tzgSUZOUKopYbRqQOVT8X
CHICKENS,Future,spotify:track:15B3zlNGr8fYj60exaIPkl
WE JUS WANNA GET HIGH,Future,spotify:track:5LkOqb9RHvNzAy80xrFLWj
Did It First,Ice Spice,spotify:track:2BNcawEW0KlzLW9DeHzXZJ
Beef Bar,Westside Gunn,spotify:track:1Qa6LKyvWX0Fc8sog2lFZD
Max Caster,Westside Gunn,spotify:track:1vC4cy31nYn0skKWtnOPTT
Dr. Britt Baker,Westside Gunn,spotify:track:08vyopstusuqW5qtK9EVh2
Speedy 40,Westside Gunn,spotify:track:5ICfSQC5TjL6iH5wqsxSeu
Free Shots,Westside Gunn,spotify:track:5DkqO1ZhW6krwbXX3ytyPc
Still Praying,Westside Gunn,spotify:track:4iRh9CuSqd3aF2jSA1v6Xj
Underground King,Westside Gunn,spotify:track:1blC4i281T1QqXuPBVTIAj
Top,Fredo Bang,spotify:track:5S0QZGDvhgdED2WJGgxBKb
Baby Come,Green Assassin Dollar,spotify:track:44Ml42j6dPbjfzmHqsdy6w
Waltz In A Minor,JK Hodge,spotify:track:4tr5yGWxeDH7ZdTwnK9zYd
Tight Rolls,Green Assassin Dollar,spotify:track:3st5xVmJ73l7o0tqVsH5zK
Millennium,Green Assassin Dollar,spotify:track:1Xta8rWmCgp39F7vdyXrQT
Ghost,Green Assassin Dollar,spotify:track:17YDi8677LSqwwWYi8e5Al
Forgot,Green Assassin Dollar,spotify:track:1QGlEflxEZQcUU1MBxlekp
Underrated,Green Assassin Dollar,spotify:track:3sSutnV9sMaXeGzoo5CDn2
Outlook,Green Assassin Dollar,spotify:track:76rwTm4aGTn7pJUcLB8TB0
Skimming Eyes,Green Assassin Dollar,spotify:track:3JDh6BhNufQ7Fvm2x0kCPu
Yellow Car,Green Assassin Dollar,spotify:track:4CIJ8BxNStdTPJFMGj4kg3
Brisk Walk,Green Assassin Dollar,spotify:track:6ksDzHzLkS2rwqb3V13195
Scarled Kill,Green Assassin Dollar,spotify:track:172mJUfocT8IlR5wUyM7zd
Vanilla,Green Assassin Dollar,spotify:track:5aFmxoctyLQtoF9FVdllnL
Re:make,ONE OK ROCK,spotify:track:4jcSJrDnKSmOLqMkGJmFL6
Issai Gassai -2019 Ver.-,KREVA,spotify:track:51N70K8sSSd1wOhFn8tLao
Love Letter,Nick Cave,spotify:track:6DLYs5xMOGLEv6qzFKuaDn
Secret,21 Savage,spotify:track:67lKDoCZbRCJDa4RT68eme
Butter n' Toast,Carl Pedida,spotify:track:78Ti62c8kgzDC4bTguMNh1
Sienna,The Marías,spotify:track:0InIeZW4P6VO7dUGRM4AKH
Amigo,Lous and The Yakuza,spotify:track:4JaxkRJ25dNVzlrGOOkuJD
Back in Blood,Pooh Shiesty,spotify:track:7FGdjbZ32vMybPuP0IuE7d
Together Again,Janet Jackson,spotify:track:1aJnGme5ZRltYTp8FJ52eZ
Caroline,Aminé,spotify:track:5hTpBe8h35rJ67eAWHQsJx
Scenic Drive,Khalid,spotify:track:6zIen2DYr2t19vbwqgORY2
Retrograde,Khalid,spotify:track:3v5WRAItrZgr5vCdW3vTmz
White Tee,Dem Franchize Boyz,spotify:track:7xl8xYOCSc6Ukg6YFwi2zx
Heart Of A Woman,Summer Walker,spotify:track:2oVVaVY0LkzwAYYcyzon6Z
Transformer,Future,spotify:track:2MfcvcvWSUkstTDZXYIakq
Yume No Tsuzuki,Mariya Takeuchi,spotify:track:1BnODvOuKbTnAZYkMVzJCL
"OH NO, OH YES!",Mariya Takeuchi,spotify:track:7hT9QzdqxxoWB0JtCGuCnD
Don't Look Any Further,Dennis Edwards,spotify:track:3GiSgsFwPp8zY7yTGsRlyR
Make 'Em Say Ugh,Master P,spotify:track:0l3wp8iEtN8rgag9eTeorW
Numb,Men I Trust,spotify:track:6Ijmj8Z0L31hCp5pLZnT5U
Halo,Beyoncé,spotify:track:2MfOcbtgz2yTsiznFmVZUN
Diva,Beyoncé,spotify:track:5Ssv6DaKrW0HczVqx6zXdl
Irreplaceable,Beyoncé,spotify:track:6RX5iL93VZ5fKmyvNXvF1r
Crazy in Love,Beyoncé,spotify:track:0TwBtDAWpkpM3srywFVOV5
Drunk in Love,Beyoncé,spotify:track:6jG2YzhxptolDzLHTGLt7S
"OH NO, OH YES!",Akina Nakamori,spotify:track:2hGPfCRMjK2haWM6ja11XP
One Hundred Ways,Quincy Jones,spotify:track:0Yp603BgzIKDDcSUBrYYba
Soul Bossa Nova,Quincy Jones,spotify:track:0Jw3cPBXlGnA6DEJrZSTI0
September,Earth,spotify:track:3kXoKlD84c6OmIcOLfrfEs
Let's Groove,Earth,spotify:track:3koCCeSaVUyrRo3N2gHrd8
Boogie Wonderland,Earth,spotify:track:6ztstiyZL6FXzh4aG46ZPD
You Want My Love,Earth,spotify:track:5BQf3eyCsoSP5jNGx9sPdD
Cruise in Love,BIG-8,spotify:track:3i4Bolcm2lYNCiegvnx6fV
killah,owls,spotify:track:40mIsIUBmVjJOYTRIPIQfD
greedy,owls,spotify:track:6ctztJdB311NNoZuAMsgsG
back yard,owls,spotify:track:1oZIgUg5lT4YmC3Y6hbCJy
4:20,owls,spotify:track:4q6tZeaVbvwWMvxyaxmSmt
b2h,owls,spotify:track:2JR9bKPZQp9MRjFt37qADz
smoke sleep,owls,spotify:track:7dvbtsbt2L0fgOlykCu8hW
blessin,owls,spotify:track:2bgoRNuDqvsuInrczft2gX
fonk you,owls,spotify:track:1BofmZ0A3jSNQnuxzDNvtG
Come Back,SCARS,spotify:track:2DFhGD9QhqRHq4gKhEbBO1
You Can Do It,Ice Cube,spotify:track:4NTn0Yo8hTGW5tbBANBzfh
Aibiki,Orisaka Yuta,spotify:track:0dKWhFl9gjNw8KkD7Ew3C2
Stuntin' Like My Daddy,Birdman,spotify:track:3rMyMv8EjKXoPnaRo2hdJN
Tapout,Rich Gang,spotify:track:39z2CyYexbcwgD0pEeUUeu
What Happened To That Boy,Baby,spotify:track:20Sp7dNLM3NjIu3TInDqjq
Surrender,Hotei,spotify:track:0iPMH8g6p5sDAWccu2oTcQ
From A Man,Young Thug,spotify:track:3CUMd8XMv3LBSLrDrKoXQE
99 Problems,JAY-Z,spotify:track:7sLpSWxQazJzDVG6YGzlVs
Freestyle,Lil Baby,spotify:track:5BbdKBZO0TH0GhfxUfyhL9
Control,DJ CHARI,spotify:track:2Cln5bZGZMDKAxvA0RTjcn
Karma,Summer Walker,spotify:track:2Fyjjpg03fn7n5cj0Qm380
Genki Wo Dashite,Mariya Takeuchi,spotify:track:3igzzZE41AOz8aHFMGRsqi
Saturn,SZA,spotify:track:1bjeWoagtHmUKputLVyDxQ
Signs,Drake,spotify:track:6Na5uKk5SsqZimk0hAWo8y
R e s e n t m e n t,PARTYNEXTDOOR,spotify:track:3ViEhfgPwDKva54pvEQFTO
Shrimp at Phillipes,Elcamino,spotify:track:4Qhzx8pNpcpmhj5f2tPgr5
Tasogare Diary,Mariya Takeuchi,spotify:track:3r7xQfMtHkY8rGq11ne83f
Una Mattina,Ludovico Einaudi,spotify:track:0Dkibk70FDp6t7eOZNemNQ
Gotta Lotta,2 Chainz,spotify:track:1gpSrGUfU3F9TOzPlEyLxH
"S o r r y,  B u t  I’ m  O u t s i d e",PARTYNEXTDOOR,spotify:track:4UL6S1pHHKqmsNOfsPJqgW
F o r  C e r t a i n,PARTYNEXTDOOR,spotify:track:2d93r7U06Wx7uJfU2q9Nza
M a k e  I t  T o  T h e  M o r n i n g,PARTYNEXTDOOR,spotify:track:12VH4g5pTMZmrUVzfJq7F7
C o n t r o l,PARTYNEXTDOOR,spotify:track:2LHtu3z8Xa9AToxLRlLm1g
Praise God,Kanye West,spotify:track:0WSEq9Ko4kFPt8yo3ICd6T
Un-thinkable,Alicia Keys,spotify:track:4JOP8ELK6AaeySe7sKe996
Try Sleeping With a Broken Heart,Alicia Keys,spotify:track:1yK9LISg5uBOOW5bT2Wm0i
wacced out murals,Kendrick Lamar,spotify:track:5gOfC9UzZQzTyShqPMrpjT
squabble up,Kendrick Lamar,spotify:track:0nj9Bq5sHDiTxSHunhgkFb
luther,Kendrick Lamar,spotify:track:45J4avUb9Ni0bnETYaYFVJ
hey now,Kendrick Lamar,spotify:track:5S8VwnB4sLi6W0lYTWYylu
reincarnated,Kendrick Lamar,spotify:track:0RgjEkSbeuStKfT2Pa4Zai
tv off,Kendrick Lamar,spotify:track:0aB0v4027ukVziUGwVGYpG
dodger blue,Kendrick Lamar,spotify:track:4K1Pg0FLno1ltzX3jeqT83
peekaboo,Kendrick Lamar,spotify:track:2Uts1QFB4u2YNIMiqcb4de
gnx,Kendrick Lamar,spotify:track:3aZptNYC6Z1YoumeqZcDcQ
gloria,Kendrick Lamar,spotify:track:0wgOhYnqZKjOHr6bmdz0aN
heart pt. 6,Kendrick Lamar,spotify:track:1SGvjfc85yzqKXsfKcCxn2
man at the garden,Kendrick Lamar,spotify:track:5ho7VSXSmI2KM2nDjcnLyz
If This World Were Mine,Luther Vandross,spotify:track:3DnJmpSvBNxngDOBeI5U0B
Soundgasm,Rema,spotify:track:2psl5iNJCrmmm2XtS7LZqb
Dr Mario,8-Bit Arcade,spotify:track:6LtCVc9X8JtTJrrodWSW6P
Nothin',Lecrae,spotify:track:20GLjHVJkuK0m9DUqAzCTJ
Rocket Dive,hide,spotify:track:3yUFd2uTgW5DImjuA0heIh
One Mic,Nas,spotify:track:7CpXFEjLntpr4GdOhTtFEv
Something Light,The Alchemist,spotify:track:705T3b0lBqLFByknFxqICI
Dear John,Southern All Stars,spotify:track:2ZtgegKPD8qmfGix1T43sn
Remember the Time,Michael Jackson,spotify:track:4jnFqNWeJCeCRHc4HCdxfd
夜景,ANARCHY,spotify:track:350Ql9o8Xdk88UfbkOnFh8
あいつの事,ANARCHY,spotify:track:3dDRvS2FoYunh0TksYdxSW
September 2nd,ANARCHY,spotify:track:44TFHSy0dU4BQioaNvxctN
VANS,ANARCHY,spotify:track:27KFw1bce715Kqvp1qhtrC
dramatic,Cat,spotify:track:5uBlr2RNpuu3n7ROgiQa7w
ON THE RADAR CONCRETE CYPHER,Concrete Boys,spotify:track:55VwJauY4a1oV5VbNLJo2p
Yubiwa Monogatari,Acid Black Cherry,spotify:track:04KSvwSiy4bitT3MepwDA4
"Every Year, Every Christmas",Luther Vandross,spotify:track:1NPGiRG86PFwXzwrYZRa2a
Nukumori,Takaya Kawasaki,spotify:track:1s410Rb0t77G2xPCZEXun9
The Way Life Goes,Lil Uzi Vert,spotify:track:2eAZfqOm4EnOF9VvN50Tyc
CAT'S EYE,Anri,spotify:track:7FGbwJMZxCbW6U8aGNBgOm
STAY BY ME,Anri,spotify:track:3WxATUIaUWiMkcpil3OQYS
GOOD-NIGHT FOR YOU,Anri,spotify:track:1ChwUGkcwllzdl9z2a8siD
A HOPE FROM SAD STREET,Anri,spotify:track:3tw8SqjA9KRnseY71gsonf
悲しみがとまらない I CAN'T STOP THE LONELINESS,Anri,spotify:track:3FYDqY5BRtx3IVSaiQZSze
SHYNESS BOY,Anri,spotify:track:7KYzARBusZhyZ6jygZDmVr
WINDY SUMMER,Anri,spotify:track:7fgmo2cHGzWLexkRhBeECj
Remember Summer Days,Anri,spotify:track:1qUo7d5lAOclNVbTUY0A2R
Omoideno Beach Club,Junichi Inagaki,spotify:track:0nFoWakRtwXEvYwB0AVi1V
Futari No Natsu Monogatari Never Ending Summer,S.Kiyotaka,spotify:track:71MmgXbb2G7MV5gtGcVMqB
Let's Boyhunt,Seiko Matsuda,spotify:track:0UXWSUKbKFSF7xvCrOEX91
Debut,Naoko Kawai,spotify:track:1SQnF1A7ccB4ZfGp3TuDIj
Kita Wing,Akina Nakamori,spotify:track:7xWJ9IX1N9bcRQM1MXD5ab
Changes,2Pac,spotify:track:1ofhfV90EnYhEr7Un2fWiv
IT’S TRUE,CKay,spotify:track:18TFbCHdZbnnyNIsJHcyGe
Ho Ba La La,Wanda De Sah,spotify:track:5e1OFVlDYDQVAKs1S22ke8
Telefone,Wilson Simonal,spotify:track:4Gn5Uq6BKUeieSwmqfxlOz
Desafinado,Stan Getz,spotify:track:2tcfbkABIwzpepPyaFsYF4
Amor de Nada,Marcos Valle,spotify:track:5YbgoFxUIYuF9IQaWv1VKQ
Manhã de Carnaval,Luiz Bonfá,spotify:track:2fQbtkh0GJLHbOCdbdb5Lm
Tem dó de Mim,Carlos Lyra,spotify:track:5eLReXzHeFpflTGuaIl89Z
Corcovado,Antônio Carlos Jobim,spotify:track:0Wh99eifNTNqDFRtzWhCE2
Vivo Sonhando,Walter Wanderley,spotify:track:3bhoFaeajkSiAMLVYxwRtJ
Silencio Do Amor,Luiz Bonfá,spotify:track:3g7QdqyBtf5V6DDKb6cbKW
O Que Eu Gosto De Você,Pery Ribeiro,spotify:track:6Q5GMrU2vn7v30aIf5XHem
Palhaçada,Doris Monteiro,spotify:track:4zRJQvSvkWvM9AskbznsGq
In the Mood,Moacyr Marques,spotify:track:0ZHFVF8Z4xhuyJcIXpYIx0
Na Baixa do Sapateiro,Leny Andrade,spotify:track:53EX754Gw3wGScAbrsN1mg
Ai Wa Fushigisa,Kome Kome Club,spotify:track:7sJ6wL77ECxe4VjH0ULBSl
Kimi Ga Irudakede,Kome Kome Club,spotify:track:3gWJIQefaaSuOU6RJlDLm9
Dakishimetai,Kome Kome Club,spotify:track:69y1HvxnzrALmyFs4KTOUJ
Ganso Sure Danse,Kome Kome Club,spotify:track:31CU3jBZb2k7MBl6Ve41g7
Hitosuji Ni Narenai,Kome Kome Club,spotify:track:3MJZLL9UxigoSD0V2iZU0Y
Ai Shiteru,Kome Kome Club,spotify:track:5sVbyOIf5QNwAOpEUiKFaX
Funk Fujiyama,Kome Kome Club,spotify:track:72pqnshS94R2Sq04imnGQj
ANGEL EYES,Kenny Mason,spotify:track:1PYw0jFTzEc4qZm7lSA2o6
Trekking Song,Kirinji,spotify:track:0vlpEV3PwzXr9qkJ58Zoar
Soushun,Kirinji,spotify:track:4Mo9s8ulNBwYDNToh8MUub
Goodday Goodbye,Kirinji,spotify:track:0KDhLSCrMKnol8HFyp9Azq
Nora No Nizi,Kirinji,spotify:track:2w66vq6aPtejWqeo9aH5vc
Kiss from a Rose,Julia Hülsmann,spotify:track:1cO0leXSGQuzc7W3QMFkDS
PSYCHO,B.I.G.JOE,spotify:track:6N1PGNHbp8ZZ4oZPam3T72
Blackberry Winter,Keith Jarrett,spotify:track:58TYwpwO71uvA0QFOXHqhX
Dear Grandma,Matt Carmichael,spotify:track:5GWLp8YXkaVACzXWK9ykON
I Have Dreamed,Peter Asplund,spotify:track:3O1KHSJWc8uX22Sb0vhfET
Rainy Days and Mondays,Pat Metheny,spotify:track:1Sv7zdEn0ez8ToEKsPiWWj
Song for Dad,Stéphane Belmondo,spotify:track:1nvFIeETcp1LvVy7NBI14z
Gymnopédie No. 1: Var. 1,Jacques Loussier Trio,spotify:track:1VJDgjAGuZmLtqatrmyGoX
All Ways Moving,Rob Luft,spotify:track:0qk6rSdkO2Juf8dbpcN6Qv
Shake Dat Ass,Bossman Dlow,spotify:track:1vkpe29DP5EvAxYnWVq5C1
The Biggest Pt. 2,Bossman Dlow,spotify:track:3Dw9lMKAtrorXeW0wec1dr
Get In With Me,Bossman Dlow,spotify:track:6bryx7HyB4lVDc0KQXuoJ0
SportsCenter,Bossman Dlow,spotify:track:0ouOFAkST5sCy2f2XLJHdP
Dlow Curry,Bossman Dlow,spotify:track:3PwNJhkvRAbRJfTq3alFIP
Everything In Its Right Place,Radiohead,spotify:track:2kRFrWaLWiKq48YYVdGcm8
everything i wanted,Billie Eilish,spotify:track:3ZCTVFBt2Brf31RLEnCkWJ
Slumber Party,Ashnikko,spotify:track:11ZulcYY4lowvcQm4oe3VJ
Potential,Summer Walker,spotify:track:4YNrBVo8fv6qiTNwHLVDai
Just Might,Summer Walker,spotify:track:43IMaycr34ZR5kS8mlL5hH
Smartwater,Summer Walker,spotify:track:3GVb5ng1DzHowIbeDNkNVv
No Love,Summer Walker,spotify:track:08SB2OtZkaliju77WYEKxk
prove it,21 Savage,spotify:track:5wttBUDyaHAR5q9fYnN3YF
Girls Need Love,Summer Walker,spotify:track:14SaZBTjxlorHJQxXh01Hu
Body,Summer Walker,spotify:track:7vxLj7MREliG5i5vSnqSVr
I'll Kill You,Summer Walker,spotify:track:7EkiMl81fUHVwpItgtzI4r
White Tee,Summer Walker,spotify:track:5m0eMnsWwzgGsUxe1mhFYR
Settling,Summer Walker,spotify:track:5tA3oQh58iYSdJWhSw0yJV
Toxic,Summer Walker,spotify:track:4blMQHONplzay3YkNIUlcn
Grave,Summer Walker,spotify:track:6cZ7aS2UC3hfUyqJhwHb4G
Stretch You Out,Summer Walker,spotify:track:4Qxn47gWPSucovKrMyRf1z
Insane,Summer Walker,spotify:track:3pcxxaUxAMSfz2zgetHydD
SWV,Summer Walker,spotify:track:4ii5S0UcGpdAANl098llgB
Come Thru,Summer Walker,spotify:track:3TTMUI5dFcbeNSDTTDY9M8
Good Good,USHER,spotify:track:0J1YRLYhTG1MBosjidD7OI
Unloyal,Summer Walker,spotify:track:081Shn2hU3YxvQmGaCPegr
Better Thangs,Ciara,spotify:track:34uOYKTIOAfxZh1hibRx1c
Reciprocate,Summer Walker,spotify:track:5xGqh5mjKgOhp9TOlFeCcJ
Something Real,Summer Walker,spotify:track:4otQJBpb8okSeykALR3eCH
KU LO SA,Oxlade,spotify:track:2WigMwGJysIh9fRnSJvpjn
I'm There,Summer Walker,spotify:track:1UqR9Hho0SPUrzC5PFEpyi
Harunohi,Aimyon,spotify:track:1oNeSCt0CMekCyyLo06kFs
Kanashii Kimochi,Keisuke Kuwata,spotify:track:14evwICDoy0d36Nat7hsUT
Always Be My Baby,Mariah Carey,spotify:track:2aBxt229cbLDOvtL7Xbb9x
